Symbol,Action,Expiry,Days To Expiry,Strike Price,Mid Price,Bid Price,Ask Price,Implied Volatility Rank,Earnings Date,Earnings Flag,Stock Price,Raw Return,Annualized Return,Distance To Strike
CVNA,Sell to Open,07/14/2023,29,$26.00,$4.30,$4.20,$4.40,21%,08/03/2023,N,$26.38,16.3%,212.49%,-1.44%
KOLD,Sell to Open,07/14/2023,29,$65.00,$9.10,$8.80,$9.40,8%,,N,$64.01,12.67%,165.16%,1.55%
AI,Sell to Open,07/14/2023,29,$45.00,$5.70,$5.50,$5.90,33%,08/30/2023,N,$46.37,12.29%,160.24%,-2.95%
UPST,Sell to Open,07/14/2023,29,$37.00,$4.12,$4.00,$4.25,24%,08/08/2023,N,$37.70,10.94%,142.63%,-1.86%
DPST,Sell to Open,07/14/2023,29,$64.00,$6.80,$6.50,$7.10,22%,,N,$65.57,10.37%,135.19%,-2.39%
SYM,Sell to Open,07/21/2023,36,$45.00,$4.95,$4.50,$5.40,17%,07/31/2023,N,$48.64,10.18%,106.13%,-7.48%
MARA,Sell to Open,07/14/2023,29,$9.00,$0.90,$0.87,$0.92,0%,08/08/2023,N,$9.36,9.56%,124.65%,-3.85%
YANG,Sell to Open,07/21/2023,36,$9.00,$0.85,$0.80,$0.90,1%,,N,$9.14,9.3%,96.98%,-1.53%
ARGX,Sell to Open,07/21/2023,36,$390.00,$35.45,$33.00,$37.90,84%,07/27/2023,N,$396.03,8.95%,93.35%,-1.52%
IEP,Sell to Open,07/14/2023,29,$28.00,$2.42,$2.20,$2.65,48%,08/03/2023,N,$28.62,8.47%,110.45%,-2.17%
RIOT,Sell to Open,07/14/2023,29,$9.50,$0.82,$0.79,$0.85,0%,08/09/2023,N,$9.97,8.22%,107.21%,-4.71%
LABD,Sell to Open,07/14/2023,29,$11.50,$0.98,$0.85,$1.10,5%,,N,$11.87,8.21%,107.08%,-3.12%
XPEV,Sell to Open,07/14/2023,29,$11.50,$0.94,$0.89,$1.00,11%,08/23/2023,N,$11.59,8.15%,106.29%,-0.78%
SOXL,Sell to Open,07/14/2023,29,$25.50,$2.08,$2.02,$2.14,7%,,N,$25.95,8.02%,104.49%,-1.73%
RIVN,Sell to Open,07/14/2023,29,$15.00,$1.19,$1.15,$1.23,32%,08/09/2023,N,$15.24,7.81%,101.79%,-1.57%
AFRM,Sell to Open,07/14/2023,29,$16.50,$1.32,$1.28,$1.35,14%,08/24/2023,N,$17.28,7.61%,99.2%,-4.51%
COIN,Sell to Open,07/14/2023,29,$52.00,$4.05,$3.95,$4.15,6%,08/08/2023,N,$54.25,7.47%,97.32%,-4.15%
TGTX,Sell to Open,07/14/2023,29,$25.50,$1.98,$0.25,$3.70,13%,08/01/2023,N,$26.48,7.46%,97.23%,-3.7%
QS,Sell to Open,07/14/2023,29,$7.50,$0.54,$0.49,$0.60,27%,07/26/2023,N,$7.89,6.91%,90.04%,-4.94%
LABU,Sell to Open,07/14/2023,29,$7.00,$0.50,$0.44,$0.57,4%,,N,$7.33,6.89%,89.81%,-4.5%
WOLF,Sell to Open,07/21/2023,36,$55.00,$3.85,$3.70,$4.00,14%,08/16/2023,N,$54.93,6.88%,71.76%,0.13%
YINN,Sell to Open,07/14/2023,29,$41.00,$2.90,$2.80,$3.00,1%,,N,$42.78,6.78%,88.37%,-4.16%
W,Sell to Open,07/14/2023,29,$52.00,$3.60,$3.45,$3.75,2%,08/03/2023,N,$53.34,6.75%,87.98%,-2.51%
RDFN,Sell to Open,07/14/2023,29,$10.50,$0.73,$0.65,$0.80,1%,08/03/2023,N,$10.89,6.66%,86.79%,-3.58%
RUN,Sell to Open,07/14/2023,29,$19.50,$1.33,$1.28,$1.38,16%,08/02/2023,N,$20.08,6.62%,86.34%,-2.89%
NAIL,Sell to Open,07/21/2023,36,$63.00,$4.25,$4.10,$4.40,3%,,N,$64.92,6.55%,68.27%,-2.96%
FSLY,Sell to Open,07/14/2023,29,$17.50,$1.16,$1.11,$1.20,8%,08/02/2023,N,$17.70,6.53%,85.06%,-1.13%
FVRR,Sell to Open,07/21/2023,36,$30.00,$2.05,$2.00,$2.10,4%,08/03/2023,N,$29.89,6.49%,67.69%,0.37%
ENVX,Sell to Open,07/14/2023,29,$13.00,$0.88,$0.80,$0.95,18%,07/26/2023,N,$13.63,6.42%,83.68%,-4.62%
SRPT,Sell to Open,07/14/2023,29,$128.00,$8.20,$7.10,$9.30,25%,08/01/2023,N,$131.61,6.23%,81.22%,-2.74%
GUSH,Sell to Open,07/21/2023,36,$115.00,$7.35,$7.00,$7.70,3%,,N,$118.46,6.2%,64.71%,-2.92%
ARRY,Sell to Open,07/21/2023,36,$22.50,$1.78,$1.70,$1.85,1%,08/08/2023,N,$22.09,6.18%,64.44%,1.86%
SOFI,Sell to Open,07/14/2023,29,$9.00,$0.59,$0.58,$0.60,62%,08/01/2023,N,$9.55,6.18%,80.53%,-5.76%
TECL,Sell to Open,07/21/2023,36,$54.00,$3.35,$3.20,$3.50,4%,,N,$54.90,6.1%,63.64%,-1.64%
LYFT,Sell to Open,07/14/2023,29,$10.50,$0.64,$0.62,$0.66,5%,08/03/2023,N,$10.55,6.07%,79.08%,-0.47%
BE,Sell to Open,07/21/2023,36,$17.00,$1.05,$1.00,$1.10,13%,08/08/2023,N,$17.34,6.06%,63.15%,-1.96%
USD,Sell to Open,07/21/2023,36,$43.00,$2.62,$2.45,$2.80,9%,,N,$43.43,6.04%,63.03%,-0.99%
TAL,Sell to Open,07/14/2023,29,$6.50,$0.40,$0.34,$0.45,4%,07/27/2023,N,$6.54,6.04%,78.73%,-0.61%
TQQQ,Sell to Open,07/14/2023,29,$41.00,$2.49,$2.14,$2.84,3%,,N,$41.60,5.99%,78.03%,-1.44%
VXX,Sell to Open,07/14/2023,29,$27.00,$1.68,$1.15,$2.21,20%,,N,$28.30,5.94%,77.39%,-4.59%
SMCI,Sell to Open,07/14/2023,29,$237.50,$14.45,$13.70,$15.20,34%,08/08/2023,N,$243.92,5.92%,77.22%,-2.63%
HELE,Sell to Open,07/14/2023,29,$97.00,$5.90,$4.00,$7.80,69%,07/06/2023,Y,$99.85,5.91%,77.03%,-2.85%
MSTR,Sell to Open,07/14/2023,29,$270.00,$16.35,$15.60,$17.10,1%,08/01/2023,N,$277.92,5.88%,76.69%,-2.85%
CRSP,Sell to Open,07/14/2023,29,$57.00,$3.45,$2.30,$4.60,31%,08/08/2023,N,$58.94,5.85%,76.3%,-3.29%
IOT,Sell to Open,07/21/2023,36,$30.00,$2.65,$2.60,$2.70,15%,08/30/2023,N,$29.05,5.85%,61.03%,3.27%
JNUG,Sell to Open,07/14/2023,29,$34.00,$2.05,$1.85,$2.25,0%,,N,$35.02,5.85%,76.31%,-2.91%
PLTR,Sell to Open,07/14/2023,29,$16.00,$0.96,$0.94,$0.99,61%,08/07/2023,N,$16.60,5.81%,75.78%,-3.61%
CCL,Sell to Open,07/14/2023,29,$15.50,$0.94,$0.91,$0.96,34%,06/26/2023,Y,$16.12,5.8%,75.61%,-3.85%
SRTY,Sell to Open,07/21/2023,36,$40.00,$2.35,$2.15,$2.55,4%,,N,$40.66,5.78%,60.27%,-1.62%
BILI,Sell to Open,07/14/2023,29,$18.00,$1.05,$1.01,$1.09,1%,09/07/2023,N,$18.30,5.74%,74.8%,-1.64%
PATH,Sell to Open,07/14/2023,29,$18.50,$1.08,$1.00,$1.15,11%,08/29/2023,N,$18.75,5.73%,74.74%,-1.33%
SCO,Sell to Open,07/21/2023,36,$25.00,$1.48,$1.40,$1.55,20%,,N,$26.01,5.67%,59.14%,-3.88%
MNDY,Sell to Open,07/21/2023,36,$180.00,$10.35,$10.20,$10.50,5%,08/07/2023,N,$182.77,5.66%,59.06%,-1.52%
UCO,Sell to Open,07/14/2023,29,$23.00,$1.32,$1.20,$1.45,15%,,N,$23.58,5.62%,73.25%,-2.46%
MBLY,Sell to Open,07/21/2023,36,$40.00,$2.50,$2.45,$2.55,13%,07/27/2023,N,$39.73,5.61%,58.53%,0.68%
WAL,Sell to Open,07/14/2023,29,$38.00,$2.17,$2.00,$2.35,10%,07/20/2023,N,$38.85,5.6%,72.98%,-2.19%
TZA,Sell to Open,07/14/2023,29,$26.00,$1.47,$1.31,$1.63,2%,,N,$26.37,5.57%,72.67%,-1.4%
PI,Sell to Open,07/21/2023,36,$95.00,$5.35,$5.20,$5.50,6%,07/26/2023,N,$96.95,5.52%,57.55%,-2.01%
LNC,Sell to Open,07/21/2023,36,$25.00,$1.90,$1.85,$1.95,30%,08/09/2023,N,$24.44,5.48%,57.18%,2.29%
URTY,Sell to Open,07/21/2023,36,$41.00,$2.30,$2.15,$2.45,5%,,N,$42.19,5.45%,56.85%,-2.82%
NET,Sell to Open,07/14/2023,29,$69.00,$3.82,$3.70,$3.95,9%,08/03/2023,N,$70.25,5.44%,70.98%,-1.78%
CMA,Sell to Open,07/14/2023,29,$42.00,$2.33,$2.10,$2.55,23%,07/21/2023,N,$42.88,5.42%,70.68%,-2.05%
AYX,Sell to Open,07/21/2023,36,$45.00,$2.47,$2.40,$2.55,26%,08/01/2023,N,$45.78,5.41%,56.38%,-1.7%
LMND,Sell to Open,07/14/2023,29,$19.00,$1.08,$0.95,$1.20,20%,08/08/2023,N,$20.03,5.37%,69.96%,-5.14%
FTCH,Sell to Open,07/14/2023,29,$5.50,$0.31,$0.29,$0.33,7%,08/17/2023,N,$5.82,5.33%,69.43%,-5.5%
APPS,Sell to Open,07/14/2023,29,$9.00,$0.48,$0.45,$0.51,3%,08/07/2023,N,$9.13,5.26%,68.53%,-1.42%
HOOD,Sell to Open,07/14/2023,29,$10.00,$0.54,$0.51,$0.58,8%,08/02/2023,N,$9.98,5.26%,68.57%,0.2%
ROKU,Sell to Open,07/14/2023,29,$70.00,$3.78,$3.70,$3.85,7%,07/27/2023,N,$71.75,5.26%,68.59%,-2.44%
BXP,Sell to Open,07/21/2023,36,$55.00,$2.90,$2.85,$2.95,43%,07/25/2023,N,$55.23,5.25%,54.76%,-0.42%
NUGT,Sell to Open,07/14/2023,29,$36.50,$1.95,$1.80,$2.10,0%,,N,$37.31,5.23%,68.13%,-2.17%
SQQQ,Sell to Open,07/14/2023,29,$18.50,$1.00,$0.89,$1.11,9%,,N,$19.13,5.23%,68.14%,-3.29%
GTLS,Sell to Open,07/21/2023,36,$145.00,$7.65,$7.40,$7.90,30%,07/28/2023,N,$147.05,5.2%,54.25%,-1.39%
GTLB,Sell to Open,07/14/2023,29,$52.00,$2.78,$2.55,$3.00,0%,09/05/2023,N,$53.44,5.19%,67.69%,-2.69%
DOCN,Sell to Open,07/21/2023,36,$45.00,$2.38,$2.30,$2.45,5%,08/07/2023,N,$45.92,5.17%,53.94%,-2%
APP,Sell to Open,07/21/2023,36,$22.50,$1.20,$1.15,$1.25,2%,08/09/2023,N,$23.21,5.17%,53.92%,-3.06%
U,Sell to Open,07/14/2023,29,$40.00,$2.16,$2.06,$2.25,14%,08/08/2023,N,$41.67,5.17%,67.42%,-4.01%
ZION,Sell to Open,07/14/2023,29,$28.00,$1.48,$1.30,$1.65,23%,07/19/2023,N,$28.98,5.09%,66.35%,-3.38%
VRT,Sell to Open,07/21/2023,36,$22.50,$1.15,$1.10,$1.20,2%,08/02/2023,N,$22.60,5.09%,53.07%,-0.44%
CFLT,Sell to Open,07/21/2023,36,$33.00,$1.75,$1.70,$1.80,1%,08/02/2023,N,$34.49,5.07%,52.91%,-4.32%
WIX,Sell to Open,07/21/2023,36,$90.00,$5.35,$5.20,$5.50,6%,08/16/2023,N,$89.15,5.05%,52.64%,0.95%
BMBL,Sell to Open,07/21/2023,36,$17.50,$0.90,$0.85,$0.95,3%,08/09/2023,N,$17.93,5.02%,52.35%,-2.4%
PGNY,Sell to Open,07/21/2023,36,$40.00,$2.00,$1.95,$2.05,9%,08/03/2023,N,$40.01,5%,52.13%,-0.02%
CFG,Sell to Open,07/21/2023,36,$27.50,$1.38,$1.30,$1.45,32%,07/19/2023,Y,$27.69,4.97%,51.79%,-0.69%
KEY,Sell to Open,07/14/2023,29,$10.00,$0.50,$0.45,$0.55,16%,07/20/2023,N,$10.08,4.96%,64.66%,-0.79%
DRV,Sell to Open,07/21/2023,36,$46.00,$2.33,$2.05,$2.60,0%,,N,$47.18,4.93%,51.39%,-2.5%
TWLO,Sell to Open,07/14/2023,29,$67.00,$3.35,$3.25,$3.45,10%,08/09/2023,N,$68.07,4.92%,64.15%,-1.57%
GPS,Sell to Open,07/14/2023,29,$9.50,$0.48,$0.45,$0.50,10%,08/24/2023,N,$9.71,4.89%,63.77%,-2.16%
SPR,Sell to Open,07/21/2023,36,$30.00,$1.48,$1.45,$1.50,4%,08/02/2023,N,$30.24,4.88%,50.87%,-0.79%
INDI,Sell to Open,07/21/2023,36,$10.00,$0.50,$0.45,$0.55,0%,08/10/2023,N,$10.24,4.88%,50.92%,-2.34%
SNAP,Sell to Open,07/14/2023,29,$10.50,$0.52,$0.50,$0.53,6%,07/27/2023,N,$10.66,4.83%,62.98%,-1.5%
S,Sell to Open,07/14/2023,29,$16.00,$0.80,$0.70,$0.90,5%,08/30/2023,N,$16.65,4.8%,62.63%,-3.9%
FAZ,Sell to Open,07/14/2023,29,$19.00,$0.92,$0.80,$1.05,2%,,N,$19.37,4.78%,62.25%,-1.91%
TEAM,Sell to Open,07/14/2023,29,$180.00,$8.70,$8.30,$9.10,6%,08/10/2023,N,$182.19,4.78%,62.25%,-1.2%
RBLX,Sell to Open,07/14/2023,29,$40.00,$1.93,$1.87,$1.99,7%,08/09/2023,N,$40.63,4.75%,61.92%,-1.55%
ERX,Sell to Open,07/14/2023,29,$53.50,$2.58,$2.40,$2.75,1%,,N,$54.23,4.75%,61.9%,-1.35%
STNE,Sell to Open,07/14/2023,29,$13.00,$0.62,$0.55,$0.70,8%,08/17/2023,N,$13.21,4.73%,61.68%,-1.59%
MDB,Sell to Open,07/14/2023,29,$380.00,$18.20,$17.65,$18.75,4%,08/31/2023,N,$385.40,4.72%,61.56%,-1.4%
TDOC,Sell to Open,07/14/2023,29,$25.00,$1.18,$1.11,$1.26,4%,07/26/2023,N,$25.20,4.7%,61.3%,-0.79%
CXM,Sell to Open,07/21/2023,36,$15.00,$0.75,$0.70,$0.80,3%,09/07/2023,N,$14.95,4.68%,48.83%,0.33%
DIG,Sell to Open,07/21/2023,36,$34.00,$1.62,$1.45,$1.80,0%,,N,$34.73,4.68%,48.79%,-2.1%
BILL,Sell to Open,07/14/2023,29,$112.00,$5.35,$4.80,$5.90,3%,08/17/2023,N,$114.47,4.67%,60.93%,-2.16%
DUOL,Sell to Open,07/21/2023,36,$155.00,$7.30,$7.00,$7.60,8%,08/03/2023,N,$157.43,4.64%,48.36%,-1.54%
KMX,Sell to Open,07/14/2023,29,$79.00,$3.75,$3.60,$3.90,42%,06/23/2023,Y,$80.85,4.64%,60.46%,-2.29%
MTDR,Sell to Open,07/21/2023,36,$50.00,$2.33,$2.20,$2.45,5%,07/25/2023,N,$50.34,4.62%,48.17%,-0.68%
FUTU,Sell to Open,07/14/2023,29,$42.00,$1.96,$1.86,$2.06,4%,08/15/2023,N,$42.53,4.61%,60.08%,-1.25%
FOUR,Sell to Open,07/21/2023,36,$65.00,$4.15,$4.00,$4.30,0%,08/03/2023,N,$63.79,4.61%,48.06%,1.9%
WBD,Sell to Open,07/14/2023,29,$13.00,$0.60,$0.57,$0.64,8%,08/03/2023,N,$13.13,4.61%,60.07%,-0.99%
LI,Sell to Open,07/14/2023,29,$33.50,$1.57,$1.50,$1.64,7%,08/14/2023,N,$34.46,4.56%,59.39%,-2.79%
MPW,Sell to Open,07/14/2023,29,$9.00,$0.42,$0.39,$0.44,34%,08/02/2023,N,$9.12,4.55%,59.32%,-1.32%
DKNG,Sell to Open,07/14/2023,29,$24.50,$1.13,$1.09,$1.17,2%,08/04/2023,N,$24.83,4.55%,59.32%,-1.33%
CSIQ,Sell to Open,07/14/2023,29,$39.00,$1.80,$1.65,$1.95,2%,08/17/2023,N,$39.55,4.55%,59.33%,-1.39%
HP,Sell to Open,07/21/2023,36,$35.00,$1.60,$1.55,$1.65,0%,07/26/2023,N,$35.25,4.54%,47.34%,-0.71%
JKS,Sell to Open,07/14/2023,29,$45.00,$2.10,$1.85,$2.35,6%,08/25/2023,N,$46.43,4.52%,58.96%,-3.08%
TMV,Sell to Open,07/21/2023,36,$114.00,$5.25,$5.10,$5.40,10%,,N,$116.53,4.51%,46.98%,-2.17%
ESTC,Sell to Open,07/21/2023,36,$70.00,$3.65,$3.50,$3.80,0%,08/24/2023,N,$69.46,4.48%,46.69%,0.78%
ERY,Sell to Open,07/21/2023,36,$31.00,$1.42,$1.25,$1.60,1%,,N,$31.83,4.48%,46.69%,-2.61%
AR,Sell to Open,07/14/2023,29,$21.50,$0.97,$0.92,$1.02,2%,07/26/2023,N,$21.76,4.46%,58.11%,-1.19%
TNA,Sell to Open,07/14/2023,29,$34.50,$1.60,$1.52,$1.68,10%,,N,$35.88,4.46%,58.13%,-3.85%
DDOG,Sell to Open,07/14/2023,29,$97.00,$4.38,$4.25,$4.50,5%,08/09/2023,N,$98.19,4.46%,58.08%,-1.21%
SHOP,Sell to Open,07/14/2023,29,$65.00,$2.92,$2.88,$2.96,10%,07/26/2023,N,$66.10,4.42%,57.59%,-1.66%
SNOW,Sell to Open,07/14/2023,29,$185.00,$8.43,$8.25,$8.60,13%,08/23/2023,N,$190.98,4.41%,57.51%,-3.13%
OVV,Sell to Open,07/21/2023,36,$37.00,$1.65,$1.60,$1.70,3%,08/03/2023,N,$37.54,4.4%,45.84%,-1.44%
PBF,Sell to Open,07/21/2023,36,$39.00,$1.78,$1.65,$1.90,3%,08/03/2023,N,$40.41,4.39%,45.81%,-3.49%
ONON,Sell to Open,07/14/2023,29,$30.00,$1.32,$1.25,$1.40,8%,08/15/2023,N,$30.28,4.38%,57.04%,-0.92%
TTT,Sell to Open,07/21/2023,36,$64.00,$2.88,$2.65,$3.10,11%,,N,$65.72,4.37%,45.62%,-2.62%
AEO,Sell to Open,07/14/2023,29,$12.00,$0.60,$0.55,$0.65,0%,09/06/2023,N,$11.92,4.36%,56.87%,0.67%
ROM,Sell to Open,07/21/2023,36,$45.00,$1.98,$1.80,$2.15,10%,,N,$45.45,4.35%,45.32%,-0.99%
AGQ,Sell to Open,07/21/2023,36,$29.00,$1.30,$1.25,$1.35,4%,,N,$29.91,4.35%,45.33%,-3.04%
CVE,Sell to Open,07/21/2023,36,$17.00,$0.78,$0.75,$0.80,4%,07/27/2023,N,$16.96,4.33%,45.19%,0.24%
CPE,Sell to Open,07/21/2023,36,$33.00,$1.48,$1.40,$1.55,1%,08/02/2023,N,$34.17,4.32%,45.02%,-3.42%
AMR,Sell to Open,07/21/2023,36,$155.00,$6.85,$6.60,$7.10,0%,08/07/2023,N,$158.95,4.31%,44.94%,-2.49%
GNRC,Sell to Open,07/14/2023,29,$120.00,$5.25,$5.10,$5.40,6%,08/02/2023,N,$122.03,4.3%,56.08%,-1.66%
PDD,Sell to Open,07/14/2023,29,$79.00,$3.48,$3.35,$3.60,8%,08/28/2023,N,$80.82,4.3%,56.05%,-2.25%
MKSI,Sell to Open,07/21/2023,36,$105.00,$4.50,$4.30,$4.70,12%,08/02/2023,N,$105.06,4.28%,44.67%,-0.06%
CAR,Sell to Open,07/14/2023,29,$205.00,$8.80,$8.30,$9.30,0%,07/31/2023,N,$206.32,4.27%,55.6%,-0.64%
DFEN,Sell to Open,07/21/2023,36,$20.00,$0.88,$0.80,$0.95,0%,,N,$20.54,4.26%,44.43%,-2.63%
FAS,Sell to Open,07/14/2023,29,$62.00,$2.70,$2.50,$2.90,5%,,N,$63.46,4.25%,55.46%,-2.3%
SVXY,Sell to Open,07/14/2023,29,$79.00,$3.38,$2.05,$4.70,44%,,N,$79.45,4.25%,55.38%,-0.57%
QLD,Sell to Open,07/21/2023,36,$65.00,$3.03,$2.95,$3.10,7%,,N,$64.72,4.24%,44.23%,0.43%
SQ,Sell to Open,07/14/2023,29,$65.00,$2.80,$2.65,$2.94,3%,08/03/2023,N,$66.19,4.22%,55.05%,-1.8%
ASAN,Sell to Open,07/14/2023,29,$24.00,$1.05,$0.80,$1.30,2%,09/06/2023,N,$25.03,4.19%,54.68%,-4.12%
EDC,Sell to Open,07/21/2023,36,$34.00,$1.45,$1.30,$1.60,1%,,N,$34.64,4.19%,43.66%,-1.84%
CHWY,Sell to Open,07/14/2023,29,$40.00,$1.69,$1.61,$1.77,2%,08/30/2023,N,$40.52,4.17%,54.37%,-1.28%
ETSY,Sell to Open,07/14/2023,29,$94.00,$4.00,$3.80,$4.20,7%,07/26/2023,N,$95.97,4.17%,54.33%,-2.05%
SE,Sell to Open,07/14/2023,29,$62.00,$2.61,$2.54,$2.68,6%,08/15/2023,N,$62.87,4.15%,54.12%,-1.38%
KSS,Sell to Open,07/14/2023,29,$23.00,$0.98,$0.92,$1.04,10%,08/17/2023,N,$23.72,4.13%,53.86%,-3.04%
SPXU,Sell to Open,07/14/2023,29,$11.00,$0.56,$0.47,$0.65,2%,,N,$10.89,4.13%,53.87%,1.01%
MU,Sell to Open,07/14/2023,29,$68.00,$2.81,$2.75,$2.87,28%,06/28/2023,Y,$68.82,4.08%,53.23%,-1.19%
JWN,Sell to Open,07/14/2023,29,$19.00,$0.78,$0.74,$0.83,2%,08/22/2023,N,$19.37,4.05%,52.83%,-1.91%
CELH,Sell to Open,07/14/2023,29,$141.00,$5.85,$5.50,$6.20,8%,08/09/2023,N,$144.75,4.04%,52.68%,-2.59%
ZM,Sell to Open,07/14/2023,29,$69.00,$2.82,$2.74,$2.91,8%,08/21/2023,N,$69.94,4.04%,52.65%,-1.34%
ENTG,Sell to Open,07/21/2023,36,$110.00,$4.80,$4.70,$4.90,2%,08/01/2023,N,$109.63,4.04%,42.14%,0.34%
MTCH,Sell to Open,07/14/2023,29,$43.00,$1.75,$1.66,$1.84,8%,08/01/2023,N,$43.30,4.04%,52.68%,-0.69%
ADBE,Sell to Open,07/14/2023,29,$480.00,$19.73,$17.90,$21.55,65%,06/15/2023,Y,$490.91,4.02%,52.38%,-2.22%
EXAS,Sell to Open,07/21/2023,36,$90.00,$3.75,$3.60,$3.90,7%,08/01/2023,N,$93.39,4.02%,41.88%,-3.63%
KRE,Sell to Open,07/14/2023,29,$43.00,$1.73,$0.99,$2.47,31%,,N,$43.67,3.96%,51.64%,-1.53%
MP,Sell to Open,07/21/2023,36,$22.50,$0.92,$0.90,$0.95,1%,08/03/2023,N,$23.34,3.96%,41.33%,-3.6%
MPWR,Sell to Open,07/21/2023,36,$510.00,$20.40,$19.70,$21.10,7%,08/01/2023,N,$519.28,3.93%,40.97%,-1.79%
XRT,Sell to Open,07/14/2023,29,$63.00,$2.50,$0.10,$4.90,29%,,N,$63.71,3.92%,51.15%,-1.11%
LAD,Sell to Open,07/21/2023,36,$270.00,$10.65,$10.20,$11.10,3%,07/19/2023,Y,$272.65,3.91%,40.74%,-0.97%
IRTC,Sell to Open,07/21/2023,36,$100.00,$4.05,$3.90,$4.20,19%,08/03/2023,N,$103.72,3.9%,40.72%,-3.59%
SIG,Sell to Open,07/14/2023,29,$59.00,$2.33,$2.10,$2.55,0%,08/31/2023,N,$59.84,3.89%,50.65%,-1.4%
DXCM,Sell to Open,07/21/2023,36,$130.00,$5.10,$5.00,$5.20,16%,07/27/2023,N,$130.98,3.89%,40.61%,-0.75%
AMD,Sell to Open,07/14/2023,29,$122.00,$4.82,$4.60,$5.05,19%,08/01/2023,N,$124.24,3.88%,50.63%,-1.8%
JBLU,Sell to Open,07/14/2023,29,$8.00,$0.31,$0.29,$0.33,0%,08/01/2023,N,$8.00,3.88%,50.51%,0%
VFC,Sell to Open,07/14/2023,29,$19.00,$0.75,$0.65,$0.85,37%,07/27/2023,N,$19.35,3.88%,50.53%,-1.81%
AMBA,Sell to Open,07/14/2023,29,$85.00,$3.35,$3.00,$3.70,0%,08/29/2023,N,$86.34,3.88%,50.58%,-1.55%
RIG,Sell to Open,07/14/2023,29,$6.50,$0.52,$0.50,$0.54,5%,07/31/2023,N,$6.22,3.86%,50.3%,4.5%
ZS,Sell to Open,07/14/2023,29,$155.00,$6.08,$5.90,$6.25,6%,09/14/2023,N,$158.34,3.84%,50.01%,-2.11%
AN,Sell to Open,07/21/2023,36,$150.00,$5.80,$5.60,$6.00,25%,07/20/2023,Y,$151.49,3.83%,39.93%,-0.98%
PAAS,Sell to Open,07/21/2023,36,$15.00,$0.57,$0.55,$0.60,6%,08/09/2023,N,$15.11,3.81%,39.69%,-0.73%
CBRL,Sell to Open,07/21/2023,36,$95.00,$3.65,$3.50,$3.80,19%,09/26/2023,N,$96.03,3.8%,39.64%,-1.07%
TOST,Sell to Open,07/14/2023,29,$22.50,$0.88,$0.80,$0.95,6%,08/09/2023,N,$23.03,3.8%,49.53%,-2.3%
UI,Sell to Open,07/21/2023,36,$185.00,$7.10,$6.80,$7.40,30%,08/25/2023,N,$187.05,3.8%,39.58%,-1.1%
TFC,Sell to Open,07/14/2023,29,$32.00,$1.23,$1.10,$1.35,20%,07/20/2023,N,$32.22,3.8%,49.56%,-0.68%
HUBS,Sell to Open,07/21/2023,36,$510.00,$19.75,$19.30,$20.20,9%,08/02/2023,N,$520.02,3.8%,39.61%,-1.93%
MRVL,Sell to Open,07/14/2023,29,$61.00,$2.34,$2.27,$2.40,7%,08/24/2023,N,$62.03,3.76%,49.07%,-1.66%
UWM,Sell to Open,07/21/2023,36,$34.00,$1.30,$1.20,$1.40,4%,,N,$34.61,3.76%,39.17%,-1.76%
ENPH,Sell to Open,07/14/2023,29,$175.00,$6.78,$6.60,$6.95,5%,07/25/2023,N,$180.51,3.75%,48.93%,-3.05%
NTNX,Sell to Open,07/21/2023,36,$30.00,$1.15,$1.10,$1.20,2%,08/30/2023,N,$29.97,3.74%,38.97%,0.1%
SLAB,Sell to Open,07/21/2023,36,$160.00,$6.05,$5.40,$6.70,10%,07/26/2023,N,$161.60,3.74%,39.04%,-0.99%
ACLS,Sell to Open,07/21/2023,36,$165.00,$6.40,$6.10,$6.70,6%,08/02/2023,N,$170.97,3.74%,39.04%,-3.49%
FSLR,Sell to Open,07/14/2023,29,$190.00,$7.15,$6.95,$7.35,5%,07/27/2023,N,$192.88,3.71%,48.32%,-1.49%
ZI,Sell to Open,07/21/2023,36,$27.50,$1.05,$1.00,$1.10,0%,07/31/2023,N,$28.40,3.7%,38.56%,-3.17%
CLF,Sell to Open,07/14/2023,29,$16.50,$0.62,$0.60,$0.64,0%,07/21/2023,N,$16.78,3.69%,48.17%,-1.67%
CROX,Sell to Open,07/14/2023,29,$112.00,$4.25,$4.00,$4.50,5%,07/27/2023,N,$115.09,3.69%,48.14%,-2.68%
CORN,Sell to Open,07/21/2023,36,$25.00,$0.92,$0.80,$1.05,52%,,N,$25.06,3.69%,38.49%,-0.24%
RF,Sell to Open,07/21/2023,36,$18.00,$0.68,$0.65,$0.70,15%,07/21/2023,N,$18.32,3.68%,38.42%,-1.75%
LITE,Sell to Open,07/21/2023,36,$55.00,$2.08,$2.00,$2.15,54%,08/23/2023,N,$56.40,3.68%,38.37%,-2.48%
MOS,Sell to Open,07/14/2023,29,$35.00,$1.30,$1.27,$1.33,8%,07/31/2023,N,$35.28,3.68%,48.03%,-0.79%
SM,Sell to Open,07/21/2023,36,$30.00,$2.33,$2.20,$2.45,7%,08/03/2023,N,$28.73,3.67%,38.29%,4.42%
GLOB,Sell to Open,07/21/2023,36,$185.00,$6.90,$6.40,$7.40,1%,08/17/2023,N,$187.76,3.67%,38.32%,-1.47%
AA,Sell to Open,07/14/2023,29,$35.00,$1.32,$1.25,$1.38,9%,07/19/2023,N,$35.97,3.66%,47.66%,-2.7%
GPRE,Sell to Open,07/21/2023,36,$32.00,$1.20,$1.15,$1.25,0%,08/02/2023,N,$32.91,3.65%,38.03%,-2.77%
IGT,Sell to Open,07/21/2023,36,$31.00,$1.14,$1.11,$1.16,0%,08/01/2023,N,$31.08,3.65%,38.08%,-0.26%
MLCO,Sell to Open,07/14/2023,29,$12.00,$0.45,$0.40,$0.50,0%,07/27/2023,N,$12.37,3.64%,47.42%,-2.99%
CRWD,Sell to Open,07/14/2023,29,$157.50,$5.82,$5.60,$6.05,3%,08/29/2023,N,$159.81,3.64%,47.51%,-1.45%
WDFC,Sell to Open,07/21/2023,36,$200.00,$7.35,$6.90,$7.80,28%,07/06/2023,Y,$202.69,3.63%,37.82%,-1.33%
ALGT,Sell to Open,07/21/2023,36,$115.00,$4.25,$4.10,$4.40,1%,08/02/2023,N,$117.09,3.63%,37.85%,-1.78%
MCHP,Sell to Open,07/21/2023,36,$85.00,$3.10,$3.00,$3.20,6%,08/01/2023,N,$85.37,3.63%,37.87%,-0.43%
DASH,Sell to Open,07/14/2023,29,$70.00,$2.60,$2.46,$2.75,1%,08/03/2023,N,$71.76,3.63%,47.32%,-2.45%
LTHM,Sell to Open,07/21/2023,36,$26.00,$0.98,$0.95,$1.00,4%,08/01/2023,N,$26.93,3.62%,37.76%,-3.45%
SEDG,Sell to Open,07/14/2023,29,$270.00,$9.95,$9.70,$10.20,5%,08/01/2023,N,$277.46,3.59%,46.75%,-2.69%
BIDU,Sell to Open,07/14/2023,29,$145.00,$5.32,$5.10,$5.55,11%,08/29/2023,N,$148.71,3.58%,46.68%,-2.49%
DOCU,Sell to Open,07/14/2023,29,$53.00,$1.94,$1.85,$2.03,0%,09/11/2023,N,$54.28,3.57%,46.59%,-2.36%
TECK,Sell to Open,07/14/2023,29,$43.00,$1.54,$1.46,$1.61,0%,07/27/2023,N,$43.28,3.55%,46.23%,-0.65%
DBO,Sell to Open,07/21/2023,36,$14.00,$0.50,$0.40,$0.60,4%,,N,$14.07,3.55%,37.06%,-0.5%
TER,Sell to Open,07/21/2023,36,$110.00,$3.85,$3.70,$4.00,3%,07/25/2023,N,$110.09,3.5%,36.47%,-0.08%
APA,Sell to Open,07/14/2023,29,$34.00,$1.21,$1.11,$1.31,2%,08/02/2023,N,$34.67,3.49%,45.5%,-1.93%
CACC,Sell to Open,07/21/2023,36,$500.00,$17.70,$16.80,$18.60,10%,07/31/2023,N,$508.94,3.48%,36.27%,-1.76%
PARA,Sell to Open,07/14/2023,29,$16.00,$0.57,$0.54,$0.61,7%,08/03/2023,N,$16.53,3.48%,45.35%,-3.21%
NOV,Sell to Open,07/14/2023,29,$16.00,$0.70,$0.60,$0.80,5%,07/26/2023,N,$15.85,3.47%,45.23%,0.95%
BKR,Sell to Open,07/21/2023,36,$30.00,$1.05,$1.00,$1.10,5%,07/19/2023,Y,$30.24,3.47%,36.21%,-0.79%
UBER,Sell to Open,07/14/2023,29,$43.00,$1.50,$1.45,$1.55,3%,08/01/2023,N,$43.36,3.46%,45.1%,-0.83%
RH,Sell to Open,07/14/2023,29,$280.00,$9.80,$9.30,$10.30,3%,09/07/2023,N,$282.86,3.46%,45.16%,-1.01%
MODG,Sell to Open,07/21/2023,36,$20.00,$0.90,$0.85,$0.95,4%,08/03/2023,N,$19.78,3.44%,35.85%,1.11%
CZR,Sell to Open,07/14/2023,29,$49.00,$1.73,$1.68,$1.78,7%,08/01/2023,N,$50.22,3.44%,44.91%,-2.43%
BZH,Sell to Open,07/21/2023,36,$22.00,$0.77,$0.70,$0.85,10%,07/27/2023,N,$22.64,3.42%,35.7%,-2.83%
POOL,Sell to Open,07/21/2023,36,$350.00,$12.20,$11.80,$12.60,21%,07/20/2023,Y,$357.51,3.41%,35.59%,-2.1%
ARKW,Sell to Open,07/21/2023,36,$56.00,$1.95,$1.80,$2.10,4%,,N,$57.13,3.41%,35.6%,-1.98%
GPI,Sell to Open,07/21/2023,36,$240.00,$8.30,$7.10,$9.50,14%,07/26/2023,N,$243.66,3.41%,35.52%,-1.5%
ADNT,Sell to Open,07/21/2023,36,$39.00,$1.35,$1.20,$1.50,0%,08/03/2023,N,$39.67,3.4%,35.49%,-1.69%
BABA,Sell to Open,07/14/2023,29,$90.00,$3.12,$3.00,$3.25,8%,08/03/2023,N,$92.20,3.39%,44.18%,-2.39%
INSP,Sell to Open,07/21/2023,36,$300.00,$10.35,$10.10,$10.60,8%,08/01/2023,N,$305.24,3.39%,35.36%,-1.72%
FNGS,Sell to Open,07/21/2023,36,$34.00,$1.15,$1.05,$1.25,22%,,N,$34.01,3.38%,35.26%,-0.03%
RGEN,Sell to Open,07/21/2023,36,$155.00,$5.45,$5.10,$5.80,16%,08/01/2023,N,$161.06,3.38%,35.29%,-3.76%
NKE,Sell to Open,07/14/2023,29,$110.00,$3.80,$3.70,$3.90,56%,06/29/2023,Y,$112.41,3.38%,44.07%,-2.14%
AAL,Sell to Open,07/14/2023,29,$16.50,$0.56,$0.53,$0.59,6%,07/27/2023,N,$16.65,3.36%,43.84%,-0.9%
FITB,Sell to Open,07/14/2023,29,$26.00,$0.90,$0.70,$1.10,19%,07/20/2023,N,$26.76,3.36%,43.84%,-2.84%
TCOM,Sell to Open,07/21/2023,36,$35.00,$1.20,$1.15,$1.25,1%,09/20/2023,N,$35.86,3.35%,34.9%,-2.4%
STNG,Sell to Open,07/14/2023,29,$44.00,$1.52,$1.40,$1.65,5%,07/27/2023,N,$45.49,3.35%,43.7%,-3.28%
M,Sell to Open,07/14/2023,29,$15.50,$0.54,$0.51,$0.56,9%,08/29/2023,N,$15.99,3.35%,43.62%,-3.06%
TTD,Sell to Open,07/14/2023,29,$76.00,$2.58,$2.48,$2.69,0%,08/09/2023,N,$77.27,3.35%,43.61%,-1.64%
ATKR,Sell to Open,07/21/2023,36,$140.00,$4.75,$4.50,$5.00,3%,08/09/2023,N,$141.95,3.35%,34.9%,-1.37%
FL,Sell to Open,07/14/2023,29,$27.00,$0.92,$0.85,$1.00,0%,08/18/2023,N,$27.78,3.33%,43.41%,-2.81%
MUR,Sell to Open,07/21/2023,36,$37.50,$1.27,$1.20,$1.35,0%,08/03/2023,N,$38.56,3.31%,34.48%,-2.75%
CURE,Sell to Open,07/21/2023,36,$97.00,$3.28,$2.95,$3.60,3%,,N,$98.80,3.31%,34.57%,-1.82%
AGI,Sell to Open,07/21/2023,36,$12.00,$0.40,$0.35,$0.45,1%,07/26/2023,N,$12.14,3.29%,34.36%,-1.15%
SYF,Sell to Open,07/21/2023,36,$33.00,$1.10,$1.05,$1.15,3%,07/17/2023,Y,$33.44,3.29%,34.3%,-1.32%
MTH,Sell to Open,07/21/2023,36,$130.00,$4.30,$4.20,$4.40,6%,07/26/2023,N,$130.82,3.29%,34.28%,-0.63%
MELI,Sell to Open,07/14/2023,29,"$1,190.00",$40.30,$35.50,$45.10,10%,08/02/2023,N,"$1,223.77",3.29%,42.93%,-2.76%
STT,Sell to Open,07/21/2023,36,$72.50,$2.45,$2.35,$2.55,18%,07/14/2023,Y,$74.65,3.28%,34.23%,-2.88%
DINO,Sell to Open,07/21/2023,36,$45.00,$1.50,$1.40,$1.60,10%,08/08/2023,N,$45.71,3.28%,34.22%,-1.55%
KBH,Sell to Open,07/21/2023,36,$49.00,$1.65,$1.60,$1.70,20%,06/21/2023,Y,$50.38,3.28%,34.15%,-2.74%
UDOW,Sell to Open,07/21/2023,36,$59.00,$1.98,$1.90,$2.05,1%,,N,$60.37,3.27%,34.12%,-2.27%
NRG,Sell to Open,07/21/2023,36,$34.00,$1.12,$1.05,$1.20,45%,08/03/2023,N,$34.37,3.27%,34.13%,-1.08%
SARK,Sell to Open,07/21/2023,36,$35.00,$1.18,$1.10,$1.25,2%,,N,$35.88,3.27%,34.15%,-2.45%
NFLX,Sell to Open,07/14/2023,29,$440.00,$14.58,$14.40,$14.75,10%,07/18/2023,N,$445.27,3.27%,42.67%,-1.18%
URI,Sell to Open,07/14/2023,29,$405.00,$13.35,$12.90,$13.80,25%,07/26/2023,N,$409.96,3.26%,42.45%,-1.21%
GOOS,Sell to Open,07/14/2023,29,$16.50,$0.55,$0.45,$0.65,0%,08/10/2023,N,$16.94,3.25%,42.32%,-2.6%
SPXL,Sell to Open,07/14/2023,29,$88.00,$2.90,$2.70,$3.10,4%,,N,$89.40,3.24%,42.29%,-1.57%
SPLK,Sell to Open,07/14/2023,29,$108.00,$3.58,$3.35,$3.80,3%,08/23/2023,N,$110.48,3.24%,42.18%,-2.24%
ILMN,Sell to Open,07/14/2023,29,$205.00,$6.80,$4.80,$8.80,5%,08/10/2023,N,$209.94,3.24%,42.22%,-2.35%
BTU,Sell to Open,07/14/2023,29,$20.00,$0.67,$0.59,$0.75,3%,07/27/2023,N,$20.71,3.24%,42.17%,-3.43%
OLLI,Sell to Open,07/21/2023,36,$60.00,$1.98,$1.90,$2.05,4%,08/31/2023,N,$61.24,3.23%,33.63%,-2.02%
BLOK,Sell to Open,07/21/2023,36,$20.00,$0.65,$0.60,$0.70,0%,,N,$20.20,3.22%,33.56%,-0.99%
WSC,Sell to Open,07/21/2023,36,$47.50,$1.52,$1.45,$1.60,11%,08/02/2023,N,$47.51,3.21%,33.47%,-0.02%
BBWI,Sell to Open,07/14/2023,29,$39.00,$1.27,$1.20,$1.35,10%,08/16/2023,N,$39.72,3.21%,41.84%,-1.81%
APPN,Sell to Open,07/21/2023,36,$50.00,$1.70,$1.60,$1.80,11%,08/03/2023,N,$53.27,3.19%,33.28%,-6.14%
NLY,Sell to Open,07/14/2023,29,$20.50,$0.66,$0.59,$0.74,3%,07/26/2023,N,$20.89,3.18%,41.5%,-1.87%
WING,Sell to Open,07/21/2023,36,$185.00,$6.00,$5.80,$6.20,0%,08/03/2023,N,$188.94,3.18%,33.12%,-2.09%
SSRM,Sell to Open,07/21/2023,36,$14.00,$0.45,$0.40,$0.50,0%,08/01/2023,N,$14.20,3.17%,33.05%,-1.41%
FANG,Sell to Open,07/21/2023,36,$125.00,$4.00,$3.90,$4.10,6%,07/31/2023,N,$126.66,3.16%,32.93%,-1.31%
RCL,Sell to Open,07/14/2023,29,$94.00,$3.03,$2.96,$3.10,8%,07/27/2023,N,$95.91,3.16%,41.18%,-1.99%
RRC,Sell to Open,07/14/2023,29,$27.00,$0.88,$0.75,$1.00,3%,07/24/2023,N,$27.73,3.16%,41.13%,-2.63%
COPX,Sell to Open,07/21/2023,36,$39.00,$1.25,$1.10,$1.40,0%,,N,$39.71,3.15%,32.83%,-1.79%
IAT,Sell to Open,07/21/2023,36,$34.00,$1.10,$1.00,$1.20,22%,,N,$34.91,3.15%,32.86%,-2.61%
CF,Sell to Open,07/14/2023,29,$69.00,$2.20,$2.10,$2.30,2%,08/02/2023,N,$70.08,3.14%,40.92%,-1.54%
CC,Sell to Open,07/14/2023,29,$34.00,$1.08,$0.95,$1.20,1%,07/27/2023,N,$34.28,3.14%,40.88%,-0.82%
SWK,Sell to Open,07/21/2023,36,$90.00,$2.88,$2.75,$3.00,4%,08/03/2023,N,$91.48,3.14%,32.77%,-1.62%
INTC,Sell to Open,07/14/2023,29,$35.00,$1.12,$1.11,$1.14,39%,07/27/2023,N,$35.82,3.14%,40.94%,-2.29%
SDOW,Sell to Open,07/14/2023,29,$23.50,$0.75,$0.65,$0.85,1%,,N,$23.93,3.13%,40.86%,-1.8%
SAIA,Sell to Open,07/21/2023,36,$310.00,$10.00,$9.80,$10.20,5%,07/27/2023,N,$319.80,3.13%,32.61%,-3.06%
FCNCA,Sell to Open,07/21/2023,36,"$1,280.00",$40.50,$37.10,$43.90,14%,07/27/2023,N,"$1,298.64",3.12%,32.52%,-1.44%
AEM,Sell to Open,07/21/2023,36,$50.00,$1.58,$1.55,$1.60,0%,07/26/2023,N,$50.42,3.12%,32.58%,-0.83%
EQT,Sell to Open,07/14/2023,29,$38.00,$1.21,$1.16,$1.27,0%,07/26/2023,N,$38.95,3.12%,40.66%,-2.44%
CRS,Sell to Open,07/21/2023,36,$50.00,$1.62,$1.55,$1.70,1%,07/27/2023,N,$52.03,3.12%,32.57%,-3.9%
CMC,Sell to Open,07/21/2023,36,$47.00,$1.50,$1.40,$1.60,6%,06/22/2023,Y,$48.27,3.11%,32.41%,-2.63%
SPXS,Sell to Open,07/14/2023,29,$14.00,$0.44,$0.41,$0.48,2%,,N,$14.29,3.11%,40.59%,-2.03%
URNM,Sell to Open,07/21/2023,36,$34.00,$1.08,$1.00,$1.15,16%,,N,$34.72,3.1%,32.29%,-2.07%
STX,Sell to Open,07/14/2023,29,$65.00,$2.04,$1.93,$2.14,6%,07/20/2023,N,$66.14,3.08%,40.11%,-1.72%
KNX,Sell to Open,07/21/2023,36,$55.00,$1.72,$1.65,$1.80,24%,07/19/2023,Y,$56.00,3.08%,32.12%,-1.79%
ABNB,Sell to Open,07/14/2023,29,$125.00,$3.92,$3.80,$4.05,3%,08/08/2023,N,$127.85,3.07%,40.02%,-2.23%
PCTY,Sell to Open,07/21/2023,36,$185.00,$5.80,$5.10,$6.50,5%,08/03/2023,N,$189.77,3.06%,31.87%,-2.51%
HTZ,Sell to Open,07/21/2023,36,$17.50,$0.55,$0.53,$0.58,6%,07/27/2023,N,$18.11,3.06%,31.96%,-3.37%
EXPE,Sell to Open,07/14/2023,29,$106.00,$3.28,$3.15,$3.40,0%,08/03/2023,N,$107.11,3.06%,39.86%,-1.04%
AU,Sell to Open,07/21/2023,36,$24.00,$0.75,$0.70,$0.80,6%,08/07/2023,N,$24.56,3.05%,31.85%,-2.28%
HAL,Sell to Open,07/14/2023,29,$32.00,$1.00,$0.93,$1.06,9%,07/19/2023,N,$32.71,3.04%,39.65%,-2.17%
AAP,Sell to Open,07/14/2023,29,$69.00,$2.12,$2.00,$2.25,40%,08/22/2023,N,$69.91,3.04%,39.62%,-1.3%
ARKK,Sell to Open,07/14/2023,29,$43.50,$1.34,$1.31,$1.38,3%,,N,$44.54,3.02%,39.36%,-2.33%
OLED,Sell to Open,07/21/2023,36,$140.00,$4.30,$4.20,$4.40,4%,08/03/2023,N,$142.22,3.02%,31.53%,-1.56%
UAL,Sell to Open,07/14/2023,29,$53.00,$1.62,$1.55,$1.69,5%,07/19/2023,N,$53.58,3.02%,39.41%,-1.08%
NXPI,Sell to Open,07/14/2023,29,$195.00,$5.90,$5.50,$6.30,3%,07/24/2023,N,$195.75,3.01%,39.29%,-0.38%
BK,Sell to Open,07/21/2023,36,$45.00,$1.48,$1.40,$1.55,18%,07/18/2023,Y,$44.87,3%,31.26%,0.29%
OIH,Sell to Open,07/14/2023,29,$275.00,$8.35,$7.90,$8.80,5%,,N,$278.45,3%,39.09%,-1.24%
APLS,Sell to Open,07/21/2023,36,$85.00,$2.68,$2.45,$2.90,7%,08/07/2023,N,$89.60,2.99%,31.13%,-5.13%
ALK,Sell to Open,07/21/2023,36,$50.00,$1.50,$1.40,$1.60,1%,07/20/2023,Y,$50.34,2.98%,31.07%,-0.68%
META,Sell to Open,07/14/2023,29,$280.00,$8.40,$8.20,$8.60,2%,07/26/2023,N,$281.83,2.98%,38.85%,-0.65%
ARKG,Sell to Open,07/14/2023,29,$34.50,$1.05,$0.95,$1.15,4%,,N,$35.20,2.98%,38.88%,-1.99%
SHAK,Sell to Open,07/14/2023,29,$71.00,$2.15,$1.95,$2.35,4%,08/03/2023,N,$72.13,2.98%,38.86%,-1.57%
IBKR,Sell to Open,07/21/2023,36,$80.00,$2.40,$2.30,$2.50,10%,07/18/2023,Y,$80.94,2.97%,30.92%,-1.16%
CCJ,Sell to Open,07/14/2023,29,$31.00,$0.94,$0.90,$0.98,11%,08/02/2023,N,$31.64,2.97%,38.73%,-2.02%
PBR,Sell to Open,07/14/2023,29,$13.50,$0.41,$0.37,$0.45,0%,08/03/2023,N,$13.79,2.97%,38.76%,-2.1%
UPRO,Sell to Open,07/14/2023,29,$46.00,$1.40,$1.30,$1.50,4%,,N,$47.08,2.97%,38.76%,-2.29%
ALB,Sell to Open,07/14/2023,29,$225.00,$6.80,$6.50,$7.10,2%,08/02/2023,N,$230.91,2.94%,38.39%,-2.56%
TSM,Sell to Open,07/14/2023,29,$104.00,$3.08,$2.87,$3.30,20%,07/20/2023,N,$105.18,2.93%,38.23%,-1.12%
T,Sell to Open,07/14/2023,29,$16.00,$0.47,$0.42,$0.52,22%,07/20/2023,N,$16.03,2.93%,38.22%,-0.19%
BLDR,Sell to Open,07/21/2023,36,$120.00,$3.60,$3.40,$3.80,5%,07/31/2023,N,$123.01,2.93%,30.52%,-2.45%
CYBR,Sell to Open,07/21/2023,36,$150.00,$4.50,$4.30,$4.70,1%,08/10/2023,N,$154.31,2.92%,30.41%,-2.79%
PAG,Sell to Open,07/21/2023,36,$155.00,$4.55,$4.40,$4.70,10%,07/26/2023,N,$156.54,2.91%,30.31%,-0.98%
Z,Sell to Open,07/14/2023,29,$47.00,$1.40,$1.33,$1.47,2%,08/03/2023,N,$48.16,2.91%,37.89%,-2.41%
APTV,Sell to Open,07/21/2023,36,$100.00,$2.92,$2.85,$3.00,0%,08/03/2023,N,$101.28,2.89%,30.12%,-1.26%
CPNG,Sell to Open,07/14/2023,29,$16.50,$0.49,$0.43,$0.55,0%,08/09/2023,N,$16.97,2.89%,37.64%,-2.77%
AAXN,Sell to Open,07/21/2023,36,$200.00,$5.85,$5.70,$6.00,0%,,N,$202.09,2.89%,30.19%,-1.03%
DVN,Sell to Open,07/14/2023,29,$49.00,$1.44,$1.39,$1.48,3%,08/01/2023,N,$49.60,2.89%,37.71%,-1.21%
ADSK,Sell to Open,07/14/2023,29,$220.00,$6.40,$6.00,$6.80,4%,08/23/2023,N,$221.43,2.89%,37.68%,-0.65%
AXON,Sell to Open,07/21/2023,36,$200.00,$5.85,$5.70,$6.00,4%,08/08/2023,N,$202.09,2.89%,30.19%,-1.03%
NTES,Sell to Open,07/21/2023,36,$95.00,$2.82,$2.70,$2.95,4%,08/17/2023,N,$98.14,2.88%,30.02%,-3.2%
BC,Sell to Open,07/21/2023,36,$85.00,$2.47,$2.40,$2.55,28%,07/27/2023,N,$86.36,2.87%,29.89%,-1.57%
KRTX,Sell to Open,07/21/2023,36,$230.00,$6.85,$6.00,$7.70,0%,08/07/2023,N,$238.55,2.87%,29.95%,-3.58%
XHB,Sell to Open,07/14/2023,29,$76.00,$2.20,$0.25,$4.15,27%,,N,$76.76,2.87%,37.36%,-0.99%
USO,Sell to Open,07/14/2023,29,$62.50,$1.82,$1.66,$1.97,12%,,N,$63.41,2.86%,37.31%,-1.44%
THO,Sell to Open,07/21/2023,36,$95.00,$2.78,$2.70,$2.85,0%,09/27/2023,N,$97.10,2.86%,29.8%,-2.16%
CHTR,Sell to Open,07/14/2023,29,$340.00,$9.80,$8.40,$11.20,9%,07/28/2023,N,$342.85,2.86%,37.26%,-0.83%
WYNN,Sell to Open,07/14/2023,29,$103.00,$2.96,$2.83,$3.10,1%,08/08/2023,N,$104.57,2.84%,36.96%,-1.5%
BNO,Sell to Open,07/21/2023,36,$25.00,$0.73,$0.65,$0.80,17%,,N,$25.53,2.84%,29.62%,-2.08%
BEN,Sell to Open,07/21/2023,36,$27.50,$0.98,$0.90,$1.05,5%,07/27/2023,N,$27.30,2.84%,29.6%,0.73%
ZBRA,Sell to Open,07/21/2023,36,$280.00,$8.05,$7.80,$8.30,0%,08/01/2023,N,$284.55,2.83%,29.5%,-1.6%
ANF,Sell to Open,07/14/2023,29,$35.00,$1.02,$0.95,$1.10,0%,08/24/2023,N,$36.24,2.83%,36.87%,-3.42%
SBLK,Sell to Open,07/14/2023,29,$18.00,$0.52,$0.40,$0.65,5%,08/03/2023,N,$18.56,2.83%,36.87%,-3.02%
ALNY,Sell to Open,07/21/2023,36,$195.00,$5.70,$5.40,$6.00,0%,08/03/2023,N,$202.34,2.82%,29.38%,-3.63%
AYI,Sell to Open,07/21/2023,36,$165.00,$4.80,$3.70,$5.90,53%,06/29/2023,Y,$170.33,2.82%,29.39%,-3.13%
FNV,Sell to Open,07/21/2023,36,$145.00,$4.15,$4.00,$4.30,0%,08/09/2023,N,$144.92,2.81%,29.29%,0.06%
COTY,Sell to Open,07/14/2023,29,$12.50,$0.40,$0.32,$0.48,2%,08/24/2023,N,$12.45,2.81%,36.65%,0.4%
JBL,Sell to Open,07/21/2023,36,$105.00,$3.30,$3.20,$3.40,58%,06/15/2023,Y,$104.64,2.81%,29.3%,0.34%
WIRE,Sell to Open,07/21/2023,36,$170.00,$5.00,$4.80,$5.20,21%,07/24/2023,N,$177.87,2.81%,29.32%,-4.42%
CPER,Sell to Open,07/21/2023,36,$24.00,$0.70,$0.65,$0.75,3%,,N,$23.97,2.8%,29.15%,0.13%
PNC,Sell to Open,07/14/2023,29,$127.00,$3.60,$3.00,$4.20,21%,07/18/2023,N,$128.79,2.8%,36.44%,-1.39%
LVS,Sell to Open,07/14/2023,29,$58.00,$1.64,$1.53,$1.75,6%,07/19/2023,N,$58.66,2.8%,36.44%,-1.13%
HES,Sell to Open,07/14/2023,29,$134.00,$3.80,$3.60,$4.00,6%,07/26/2023,N,$135.81,2.8%,36.47%,-1.33%
YETI,Sell to Open,07/14/2023,29,$35.00,$1.00,$0.90,$1.10,1%,08/03/2023,N,$35.89,2.79%,36.32%,-2.48%
GOLD,Sell to Open,07/14/2023,29,$16.50,$0.47,$0.45,$0.49,0%,08/07/2023,N,$16.49,2.79%,36.36%,0.06%
QCOM,Sell to Open,07/14/2023,29,$123.00,$3.45,$3.35,$3.55,0%,08/02/2023,N,$123.61,2.79%,36.38%,-0.49%
WSM,Sell to Open,07/14/2023,29,$125.00,$3.55,$3.10,$4.00,5%,08/23/2023,N,$127.25,2.79%,36.37%,-1.77%
ARKF,Sell to Open,07/21/2023,36,$20.00,$0.57,$0.50,$0.65,2%,,N,$20.65,2.78%,29.04%,-3.15%
LRCX,Sell to Open,07/14/2023,29,$610.00,$17.27,$16.75,$17.80,7%,07/26/2023,N,$621.00,2.78%,36.26%,-1.77%
ERF,Sell to Open,07/21/2023,36,$14.00,$0.40,$0.35,$0.45,2%,08/03/2023,N,$14.44,2.77%,28.89%,-3.05%
PYPL,Sell to Open,07/14/2023,29,$65.00,$1.83,$1.80,$1.85,5%,08/02/2023,N,$65.85,2.77%,36.13%,-1.29%
LOGI,Sell to Open,07/21/2023,36,$57.50,$1.60,$1.55,$1.65,15%,07/24/2023,N,$57.83,2.77%,28.85%,-0.57%
CWH,Sell to Open,07/14/2023,29,$28.00,$0.80,$0.70,$0.90,0%,08/01/2023,N,$28.86,2.77%,36.14%,-2.98%
X,Sell to Open,07/14/2023,29,$23.00,$0.66,$0.63,$0.69,1%,07/27/2023,N,$23.86,2.77%,36.06%,-3.6%
WDC,Sell to Open,07/14/2023,29,$40.00,$1.14,$1.09,$1.18,0%,08/04/2023,N,$41.08,2.76%,36.02%,-2.63%
BXMT,Sell to Open,07/21/2023,36,$19.00,$0.55,$0.50,$0.60,29%,07/26/2023,N,$19.98,2.75%,28.71%,-4.9%
CARG,Sell to Open,07/21/2023,36,$21.00,$0.60,$0.55,$0.65,4%,08/08/2023,N,$21.78,2.75%,28.73%,-3.58%
COP,Sell to Open,07/14/2023,29,$103.00,$2.86,$2.80,$2.92,2%,08/03/2023,N,$104.15,2.75%,35.8%,-1.1%
HOG,Sell to Open,07/14/2023,29,$34.00,$0.95,$0.85,$1.05,14%,07/27/2023,N,$34.58,2.75%,35.81%,-1.68%
URBN,Sell to Open,07/14/2023,29,$33.00,$0.92,$0.85,$1.00,3%,08/22/2023,N,$33.58,2.75%,35.91%,-1.73%
AVGO,Sell to Open,07/14/2023,29,$870.00,$24.30,$23.40,$25.20,26%,09/07/2023,N,$883.43,2.75%,35.86%,-1.52%
EOG,Sell to Open,07/14/2023,29,$110.00,$3.05,$2.90,$3.20,7%,08/03/2023,N,$111.70,2.73%,35.59%,-1.52%
SLB,Sell to Open,07/14/2023,29,$47.00,$1.31,$1.24,$1.38,7%,07/21/2023,N,$47.90,2.73%,35.65%,-1.88%
QDEL,Sell to Open,07/21/2023,36,$85.00,$2.35,$2.25,$2.45,3%,08/03/2023,N,$86.36,2.72%,28.38%,-1.57%
BURL,Sell to Open,07/14/2023,29,$150.00,$4.15,$3.90,$4.40,4%,08/24/2023,N,$153.30,2.71%,35.29%,-2.15%
JBHT,Sell to Open,07/21/2023,36,$175.00,$4.80,$4.70,$4.90,14%,07/18/2023,Y,$176.93,2.71%,28.29%,-1.09%
ALLY,Sell to Open,07/14/2023,29,$28.00,$0.77,$0.70,$0.85,2%,07/19/2023,N,$28.68,2.7%,35.23%,-2.37%
ICLR,Sell to Open,07/21/2023,36,$230.00,$6.30,$4.60,$8.00,14%,07/26/2023,N,$233.62,2.7%,28.12%,-1.55%
LPLA,Sell to Open,07/21/2023,36,$210.00,$5.75,$4.50,$7.00,21%,08/01/2023,N,$213.97,2.69%,28.02%,-1.86%
KLAC,Sell to Open,07/14/2023,29,$465.00,$12.70,$11.90,$13.50,6%,07/27/2023,N,$472.58,2.69%,35.03%,-1.6%
WSO,Sell to Open,07/21/2023,36,$360.00,$9.75,$8.00,$11.50,15%,07/27/2023,N,$367.19,2.66%,27.69%,-1.96%
LYV,Sell to Open,07/21/2023,36,$90.00,$2.40,$2.30,$2.50,0%,08/03/2023,N,$90.34,2.66%,27.7%,-0.38%
TBT,Sell to Open,07/14/2023,29,$29.00,$0.79,$0.74,$0.84,11%,,N,$29.67,2.66%,34.71%,-2.26%
TPR,Sell to Open,07/14/2023,29,$43.00,$1.15,$1.05,$1.25,0%,08/17/2023,N,$43.44,2.65%,34.51%,-1.01%
CNQ,Sell to Open,07/21/2023,36,$55.00,$1.48,$1.40,$1.55,3%,,N,$55.60,2.65%,27.67%,-1.08%
NXST,Sell to Open,07/21/2023,36,$165.00,$4.40,$4.20,$4.60,8%,08/08/2023,N,$166.90,2.64%,27.49%,-1.14%
FCX,Sell to Open,07/14/2023,29,$39.00,$1.06,$1.01,$1.11,1%,07/20/2023,N,$40.08,2.64%,34.48%,-2.69%
SOXX,Sell to Open,07/21/2023,36,$505.00,$13.50,$13.10,$13.90,9%,,N,$512.23,2.64%,27.48%,-1.41%
JEF,Sell to Open,07/21/2023,36,$32.50,$0.88,$0.80,$0.95,24%,06/27/2023,Y,$33.23,2.63%,27.46%,-2.2%
SPOT,Sell to Open,07/14/2023,29,$149.00,$4.00,$3.80,$4.20,0%,07/26/2023,N,$152.18,2.63%,34.26%,-2.09%
ASO,Sell to Open,07/14/2023,29,$48.00,$1.30,$1.15,$1.45,7%,09/07/2023,N,$49.53,2.62%,34.21%,-3.09%
HUM,Sell to Open,07/14/2023,29,$460.00,$12.10,$9.20,$15.00,50%,08/02/2023,N,$463.85,2.61%,34%,-0.83%
ALGN,Sell to Open,07/14/2023,29,$325.00,$8.65,$7.30,$10.00,8%,07/26/2023,N,$333.19,2.6%,33.84%,-2.46%
ZG,Sell to Open,07/21/2023,36,$45.00,$1.23,$1.15,$1.30,1%,08/03/2023,N,$47.15,2.6%,27.09%,-4.56%
XPO,Sell to Open,07/21/2023,36,$50.00,$1.35,$1.25,$1.45,5%,08/03/2023,N,$52.18,2.59%,26.98%,-4.18%
AMAT,Sell to Open,07/14/2023,29,$138.00,$3.62,$3.50,$3.75,3%,08/17/2023,N,$140.11,2.59%,33.73%,-1.51%
FDS,Sell to Open,07/21/2023,36,$420.00,$10.95,$8.80,$13.10,39%,06/22/2023,Y,$422.32,2.59%,27.04%,-0.55%
FIS,Sell to Open,07/21/2023,36,$52.50,$1.40,$1.35,$1.45,13%,08/03/2023,N,$54.05,2.59%,27.01%,-2.87%
RRX,Sell to Open,07/21/2023,36,$150.00,$3.90,$3.60,$4.20,23%,08/07/2023,N,$151.99,2.57%,26.76%,-1.31%
KNSL,Sell to Open,07/21/2023,36,$340.00,$9.00,$7.00,$11.00,3%,07/27/2023,N,$350.09,2.57%,26.81%,-2.88%
PII,Sell to Open,07/21/2023,36,$120.00,$3.12,$2.95,$3.30,1%,07/25/2023,N,$121.69,2.57%,26.78%,-1.39%
NOW,Sell to Open,07/14/2023,29,$565.00,$14.75,$14.00,$15.50,3%,07/26/2023,N,$574.37,2.57%,33.48%,-1.63%
VEEV,Sell to Open,07/21/2023,36,$200.00,$5.15,$4.90,$5.40,1%,08/30/2023,N,$201.32,2.56%,26.68%,-0.66%
MDC,Sell to Open,07/21/2023,36,$44.00,$1.15,$1.00,$1.30,0%,07/27/2023,N,$44.94,2.56%,26.69%,-2.09%
LPX,Sell to Open,07/21/2023,36,$62.50,$1.62,$1.55,$1.70,5%,08/08/2023,N,$63.55,2.56%,26.67%,-1.65%
CIEN,Sell to Open,07/21/2023,36,$45.00,$1.85,$1.80,$1.90,3%,09/05/2023,N,$44.28,2.55%,26.61%,1.63%
SIVR,Sell to Open,07/21/2023,36,$23.00,$0.68,$0.65,$0.70,1%,,N,$22.91,2.55%,26.63%,0.39%
GPN,Sell to Open,07/21/2023,36,$100.00,$2.58,$2.50,$2.65,8%,07/31/2023,N,$101.95,2.53%,26.34%,-1.91%
GDXJ,Sell to Open,07/14/2023,29,$36.00,$0.93,$0.87,$0.99,0%,,N,$36.71,2.53%,33.02%,-1.93%
VDE,Sell to Open,07/21/2023,36,$111.00,$2.82,$2.45,$3.20,0%,,N,$112.31,2.52%,26.23%,-1.17%
HUBB,Sell to Open,07/21/2023,36,$320.00,$8.10,$6.40,$9.80,17%,07/25/2023,N,$321.02,2.52%,26.31%,-0.32%
DRI,Sell to Open,07/21/2023,36,$165.00,$4.20,$4.10,$4.30,10%,06/22/2023,Y,$166.86,2.52%,26.25%,-1.11%
CDNS,Sell to Open,07/21/2023,36,$240.00,$8.20,$7.90,$8.50,15%,07/24/2023,N,$237.77,2.51%,26.18%,0.94%
COF,Sell to Open,07/14/2023,29,$110.00,$2.80,$2.65,$2.95,3%,07/20/2023,N,$111.65,2.51%,32.69%,-1.48%
CRM,Sell to Open,07/14/2023,29,$210.00,$5.30,$5.10,$5.50,6%,08/23/2023,N,$211.92,2.5%,32.6%,-0.91%
SU,Sell to Open,07/14/2023,29,$30.00,$0.75,$0.71,$0.79,0%,08/03/2023,N,$30.24,2.48%,32.33%,-0.79%
RGLD,Sell to Open,07/21/2023,36,$115.00,$2.90,$2.70,$3.10,4%,08/02/2023,N,$117.35,2.47%,25.77%,-2%
EFX,Sell to Open,07/21/2023,36,$230.00,$5.75,$5.60,$5.90,7%,07/19/2023,Y,$232.40,2.47%,25.8%,-1.03%
VST,Sell to Open,07/21/2023,36,$25.00,$0.62,$0.55,$0.70,0%,08/04/2023,N,$25.33,2.47%,25.73%,-1.3%
TPX,Sell to Open,07/21/2023,36,$37.50,$0.95,$0.90,$1.00,2%,07/27/2023,N,$38.68,2.46%,25.61%,-3.05%
VICI,Sell to Open,07/21/2023,36,$32.50,$0.80,$0.65,$0.95,1%,07/26/2023,N,$32.54,2.46%,25.64%,-0.12%
ACN,Sell to Open,07/14/2023,29,$320.00,$7.95,$7.50,$8.40,30%,06/22/2023,Y,$323.77,2.46%,32.01%,-1.16%
BALL,Sell to Open,07/21/2023,36,$55.00,$1.85,$1.80,$1.90,5%,08/09/2023,N,$54.49,2.46%,25.65%,0.94%
SMAR,Sell to Open,07/21/2023,36,$40.00,$1.05,$1.00,$1.10,5%,08/31/2023,N,$42.90,2.45%,25.52%,-6.76%
MTN,Sell to Open,07/21/2023,36,$250.00,$6.15,$5.90,$6.40,0%,09/27/2023,N,$251.30,2.45%,25.52%,-0.52%
CLH,Sell to Open,07/21/2023,36,$155.00,$3.80,$3.60,$4.00,20%,08/09/2023,N,$156.02,2.44%,25.4%,-0.65%
CINF,Sell to Open,07/21/2023,36,$100.00,$2.45,$2.35,$2.55,15%,07/26/2023,N,$100.40,2.44%,25.45%,-0.4%
PEN,Sell to Open,07/21/2023,36,$330.00,$8.25,$7.60,$8.90,7%,08/03/2023,N,$338.28,2.44%,25.43%,-2.45%
CPRI,Sell to Open,07/21/2023,36,$35.00,$0.90,$0.85,$0.95,9%,08/10/2023,N,$36.82,2.44%,25.49%,-4.94%
INTU,Sell to Open,07/14/2023,29,$450.00,$11.15,$10.70,$11.60,3%,08/22/2023,N,$456.31,2.44%,31.85%,-1.38%
SMH,Sell to Open,07/14/2023,29,$153.00,$3.78,$3.65,$3.90,7%,,N,$154.48,2.44%,31.86%,-0.96%
CRUS,Sell to Open,07/21/2023,36,$75.00,$1.88,$1.80,$1.95,6%,08/02/2023,N,$77.10,2.43%,25.36%,-2.72%
PZZA,Sell to Open,07/21/2023,36,$72.50,$1.82,$1.70,$1.95,11%,08/03/2023,N,$75.24,2.43%,25.3%,-3.64%
MTD,Sell to Open,07/21/2023,36,"$1,310.00",$32.45,$28.70,$36.20,10%,07/27/2023,N,"$1,336.29",2.43%,25.32%,-1.97%
MOH,Sell to Open,07/21/2023,36,$280.00,$6.90,$6.70,$7.10,25%,07/26/2023,N,$283.81,2.43%,25.35%,-1.34%
WPC,Sell to Open,07/21/2023,36,$70.00,$1.70,$1.60,$1.80,10%,07/28/2023,N,$70.25,2.42%,25.24%,-0.36%
SIL,Sell to Open,07/21/2023,36,$26.00,$0.65,$0.60,$0.70,1%,,N,$26.91,2.42%,25.19%,-3.38%
HLT,Sell to Open,07/21/2023,36,$140.00,$3.40,$3.30,$3.50,0%,07/26/2023,N,$140.67,2.42%,25.21%,-0.48%
ANET,Sell to Open,07/14/2023,29,$160.00,$3.95,$3.60,$4.30,8%,07/31/2023,N,$163.47,2.42%,31.5%,-2.12%
GFS,Sell to Open,07/21/2023,36,$60.00,$1.52,$1.45,$1.60,4%,08/15/2023,N,$62.94,2.42%,25.27%,-4.67%
BX,Sell to Open,07/14/2023,29,$91.00,$2.23,$2.06,$2.40,1%,07/20/2023,N,$92.65,2.41%,31.38%,-1.78%
QRVO,Sell to Open,07/21/2023,36,$100.00,$2.47,$2.40,$2.55,0%,08/02/2023,N,$102.51,2.41%,25.18%,-2.45%
PANW,Sell to Open,07/14/2023,29,$240.00,$5.88,$5.70,$6.05,10%,08/21/2023,N,$243.80,2.41%,31.41%,-1.56%
ALL,Sell to Open,07/21/2023,36,$110.00,$2.65,$2.55,$2.75,13%,08/02/2023,N,$110.54,2.4%,25%,-0.49%
TRIP,Sell to Open,07/14/2023,29,$16.00,$0.40,$0.35,$0.45,3%,08/03/2023,N,$16.74,2.39%,31.15%,-4.42%
MUSA,Sell to Open,07/21/2023,36,$290.00,$7.00,$6.60,$7.40,1%,07/26/2023,N,$292.44,2.39%,24.96%,-0.83%
OXY,Sell to Open,07/14/2023,29,$58.00,$1.39,$1.32,$1.46,1%,08/01/2023,N,$58.42,2.38%,31.02%,-0.72%
MPC,Sell to Open,07/14/2023,29,$112.00,$2.71,$2.53,$2.89,5%,08/01/2023,N,$113.83,2.38%,31.03%,-1.61%
ADI,Sell to Open,07/14/2023,29,$190.00,$4.85,$4.70,$5.00,0%,08/23/2023,N,$189.66,2.38%,31%,0.18%
DECK,Sell to Open,07/21/2023,36,$500.00,$12.20,$11.90,$12.50,2%,08/03/2023,N,$512.02,2.38%,24.85%,-2.35%
VALE,Sell to Open,07/14/2023,29,$14.00,$0.34,$0.32,$0.37,5%,07/27/2023,N,$14.47,2.38%,31.08%,-3.25%
RE,Sell to Open,07/21/2023,36,$340.00,$8.20,$6.90,$9.50,23%,07/26/2023,N,$344.25,2.38%,24.84%,-1.23%
ASML,Sell to Open,07/14/2023,29,$730.00,$17.55,$16.40,$18.70,3%,07/19/2023,N,$738.69,2.38%,30.97%,-1.18%
ELF,Sell to Open,07/21/2023,36,$100.00,$2.50,$2.40,$2.60,11%,08/01/2023,N,$105.10,2.38%,24.81%,-4.85%
EPAM,Sell to Open,07/21/2023,36,$220.00,$5.40,$4.60,$6.20,5%,08/03/2023,N,$227.84,2.37%,24.72%,-3.44%
CRL,Sell to Open,07/21/2023,36,$200.00,$4.95,$3.70,$6.20,8%,08/09/2023,N,$208.97,2.37%,24.7%,-4.29%
WELL,Sell to Open,07/21/2023,36,$80.00,$1.90,$1.85,$1.95,0%,08/01/2023,N,$80.15,2.37%,24.72%,-0.19%
SDS,Sell to Open,07/14/2023,29,$34.50,$0.82,$0.70,$0.95,3%,,N,$34.85,2.37%,30.86%,-1%
PWR,Sell to Open,07/21/2023,36,$185.00,$4.40,$4.20,$4.60,3%,08/03/2023,N,$185.80,2.37%,24.7%,-0.43%
HCA,Sell to Open,07/21/2023,36,$285.00,$6.75,$6.50,$7.00,20%,07/21/2023,N,$285.89,2.36%,24.62%,-0.31%
TXRH,Sell to Open,07/21/2023,36,$110.00,$2.60,$2.50,$2.70,0%,07/27/2023,N,$110.65,2.35%,24.5%,-0.59%
ATVI,Sell to Open,07/14/2023,29,$80.00,$1.92,$1.64,$2.19,40%,07/31/2023,N,$81.45,2.35%,30.65%,-1.78%
WPM,Sell to Open,07/14/2023,29,$44.00,$1.05,$0.95,$1.15,3%,08/10/2023,N,$44.68,2.35%,30.63%,-1.52%
HUN,Sell to Open,07/21/2023,36,$25.00,$0.60,$0.55,$0.65,6%,08/08/2023,N,$25.52,2.35%,24.52%,-2.04%
ORCL,Sell to Open,07/14/2023,29,$125.00,$2.96,$2.86,$3.05,23%,09/11/2023,N,$126.55,2.34%,30.44%,-1.22%
XSD,Sell to Open,07/21/2023,36,$215.00,$5.10,$4.20,$6.00,9%,,N,$218.96,2.33%,24.29%,-1.81%
UHS,Sell to Open,07/21/2023,36,$145.00,$3.45,$3.30,$3.60,15%,07/24/2023,N,$147.80,2.33%,24.34%,-1.89%
STLA,Sell to Open,07/21/2023,36,$17.00,$0.40,$0.35,$0.45,0%,07/26/2023,N,$17.16,2.33%,24.31%,-0.93%
IDCC,Sell to Open,07/21/2023,36,$90.00,$2.12,$2.05,$2.20,15%,08/03/2023,N,$91.27,2.33%,24.28%,-1.39%
CANE,Sell to Open,07/21/2023,36,$14.00,$0.32,$0.25,$0.40,33%,,N,$14.02,2.32%,24.17%,-0.14%
XLI,Sell to Open,07/14/2023,29,$105.00,$2.44,$0.47,$4.40,46%,,N,$105.62,2.31%,30.05%,-0.59%
NEM,Sell to Open,07/14/2023,29,$42.00,$0.98,$0.94,$1.03,2%,07/24/2023,N,$42.70,2.31%,30.07%,-1.64%
PH,Sell to Open,07/21/2023,36,$370.00,$8.65,$8.50,$8.80,12%,08/03/2023,N,$374.04,2.31%,24.12%,-1.08%
ARMK,Sell to Open,07/21/2023,36,$40.00,$0.92,$0.85,$1.00,1%,08/08/2023,N,$40.22,2.3%,23.98%,-0.55%
UNM,Sell to Open,07/21/2023,36,$45.00,$1.05,$1.00,$1.10,8%,08/01/2023,N,$45.66,2.3%,23.98%,-1.45%
SWKS,Sell to Open,07/14/2023,29,$108.00,$2.52,$2.40,$2.65,2%,08/03/2023,N,$109.57,2.3%,30.04%,-1.43%
CP,Sell to Open,07/21/2023,36,$77.50,$1.80,$1.65,$1.95,9%,07/27/2023,N,$78.43,2.3%,23.93%,-1.19%
MGM,Sell to Open,07/14/2023,29,$43.00,$1.00,$0.97,$1.04,2%,08/02/2023,N,$43.72,2.3%,29.97%,-1.65%
RIO,Sell to Open,07/21/2023,36,$67.50,$1.58,$1.50,$1.65,6%,07/26/2023,N,$68.35,2.3%,24.03%,-1.24%
IYE,Sell to Open,07/21/2023,36,$42.00,$0.98,$0.80,$1.15,7%,,N,$42.40,2.3%,23.98%,-0.94%
TTE,Sell to Open,07/21/2023,36,$57.50,$1.32,$1.15,$1.50,17%,07/27/2023,N,$57.94,2.29%,23.85%,-0.75%
C,Sell to Open,07/14/2023,29,$48.00,$1.11,$1.09,$1.13,15%,07/14/2023,N,$48.56,2.29%,29.8%,-1.15%
TOT,Sell to Open,07/21/2023,36,$57.50,$1.32,$1.15,$1.50,4%,,N,$57.94,2.29%,23.85%,-0.75%
H,Sell to Open,07/21/2023,36,$110.00,$2.58,$2.45,$2.70,2%,08/08/2023,N,$112.72,2.28%,23.82%,-2.41%
SAM,Sell to Open,07/21/2023,36,$330.00,$7.65,$7.40,$7.90,2%,07/27/2023,N,$336.18,2.28%,23.73%,-1.84%
IEO,Sell to Open,07/21/2023,36,$82.00,$1.90,$1.60,$2.20,6%,,N,$83.68,2.27%,23.68%,-2.01%
D,Sell to Open,07/21/2023,36,$52.50,$1.20,$1.15,$1.25,38%,08/07/2023,N,$52.87,2.27%,23.67%,-0.7%
LEA,Sell to Open,07/21/2023,36,$140.00,$3.25,$3.10,$3.40,4%,07/27/2023,N,$143.34,2.27%,23.65%,-2.33%
TT,Sell to Open,07/21/2023,36,$185.00,$4.20,$4.00,$4.40,4%,08/02/2023,N,$185.25,2.27%,23.64%,-0.13%
UGL,Sell to Open,07/21/2023,36,$60.00,$1.38,$1.20,$1.55,0%,,N,$60.83,2.26%,23.57%,-1.36%
TYL,Sell to Open,07/21/2023,36,$390.00,$8.90,$8.50,$9.30,1%,07/26/2023,N,$394.60,2.26%,23.52%,-1.17%
EQIX,Sell to Open,07/21/2023,36,$770.00,$17.65,$17.00,$18.30,7%,08/02/2023,N,$779.61,2.26%,23.61%,-1.23%
ODFL,Sell to Open,07/21/2023,36,$320.00,$7.40,$7.10,$7.70,5%,07/26/2023,N,$328.37,2.25%,23.5%,-2.55%
CCI,Sell to Open,07/21/2023,36,$115.00,$2.62,$2.55,$2.70,19%,07/19/2023,Y,$116.89,2.25%,23.42%,-1.62%
KBE,Sell to Open,07/21/2023,36,$37.00,$0.85,$0.20,$1.50,27%,,N,$37.78,2.25%,23.46%,-2.06%
TSCO,Sell to Open,07/14/2023,29,$220.00,$4.95,$4.20,$5.70,5%,07/27/2023,N,$220.70,2.24%,29.24%,-0.32%
WDAY,Sell to Open,07/14/2023,29,$220.00,$5.03,$4.70,$5.35,3%,08/24/2023,N,$224.31,2.24%,29.2%,-1.92%
SON,Sell to Open,07/21/2023,36,$60.00,$1.35,$1.30,$1.40,28%,07/20/2023,Y,$60.37,2.24%,23.32%,-0.61%
FMC,Sell to Open,07/21/2023,36,$105.00,$2.38,$2.30,$2.45,1%,08/02/2023,N,$105.90,2.24%,23.39%,-0.85%
XLE,Sell to Open,07/14/2023,29,$80.00,$1.81,$1.68,$1.94,3%,,N,$80.98,2.24%,29.14%,-1.21%
SPG,Sell to Open,07/21/2023,36,$110.00,$2.47,$2.40,$2.55,2%,07/31/2023,N,$110.92,2.23%,23.27%,-0.83%
HEI,Sell to Open,07/21/2023,36,$165.00,$3.70,$3.10,$4.30,21%,08/28/2023,N,$166.27,2.23%,23.21%,-0.76%
PODD,Sell to Open,07/21/2023,36,$280.00,$6.40,$6.20,$6.60,7%,08/03/2023,N,$287.13,2.23%,23.24%,-2.48%
AZN,Sell to Open,07/14/2023,29,$74.00,$1.66,$1.52,$1.79,28%,07/28/2023,N,$74.62,2.22%,28.91%,-0.83%
CTSH,Sell to Open,07/21/2023,36,$65.00,$1.70,$1.65,$1.75,6%,07/26/2023,N,$64.74,2.22%,23.2%,0.4%
RING,Sell to Open,07/21/2023,36,$23.00,$0.52,$0.45,$0.60,0%,,N,$23.77,2.21%,23.03%,-3.24%
GDX,Sell to Open,07/14/2023,29,$30.50,$0.68,$0.64,$0.73,0%,,N,$31.00,2.21%,28.8%,-1.61%
DDM,Sell to Open,07/21/2023,36,$67.00,$1.50,$1.35,$1.65,1%,,N,$67.79,2.21%,23.08%,-1.17%
FICO,Sell to Open,07/21/2023,36,$790.00,$17.70,$16.30,$19.10,4%,08/02/2023,N,$802.11,2.21%,23.01%,-1.51%
COOP,Sell to Open,07/21/2023,36,$47.50,$1.08,$1.00,$1.15,0%,07/26/2023,N,$48.78,2.2%,22.98%,-2.62%
TX,Sell to Open,07/21/2023,36,$40.00,$0.90,$0.85,$0.95,3%,08/01/2023,N,$40.98,2.2%,22.9%,-2.39%
PLD,Sell to Open,07/21/2023,36,$120.00,$2.68,$2.60,$2.75,17%,07/18/2023,Y,$121.72,2.2%,22.92%,-1.41%
WHR,Sell to Open,07/14/2023,29,$146.00,$3.25,$3.10,$3.40,4%,07/24/2023,N,$148.27,2.19%,28.57%,-1.53%
HPQ,Sell to Open,07/14/2023,29,$31.00,$0.68,$0.63,$0.73,1%,08/29/2023,N,$31.10,2.19%,28.5%,-0.32%
VAC,Sell to Open,07/21/2023,36,$125.00,$2.80,$2.65,$2.95,0%,08/07/2023,N,$128.45,2.18%,22.73%,-2.69%
ADM,Sell to Open,07/14/2023,29,$74.00,$1.62,$1.45,$1.80,17%,07/25/2023,N,$74.56,2.18%,28.41%,-0.75%
SBAC,Sell to Open,07/21/2023,36,$230.00,$5.10,$4.30,$5.90,15%,08/07/2023,N,$233.95,2.18%,22.73%,-1.69%
FFIV,Sell to Open,07/21/2023,36,$150.00,$3.30,$3.20,$3.40,0%,07/19/2023,Y,$151.51,2.18%,22.71%,-1%
SKYY,Sell to Open,07/21/2023,36,$77.00,$1.70,$1.50,$1.90,4%,,N,$78.04,2.18%,22.72%,-1.33%
JCI,Sell to Open,07/21/2023,36,$65.00,$1.42,$1.35,$1.50,4%,08/03/2023,N,$65.28,2.18%,22.76%,-0.43%
BCC,Sell to Open,07/21/2023,36,$77.00,$1.72,$1.50,$1.95,19%,07/31/2023,N,$79.43,2.17%,22.65%,-3.06%
SCHW,Sell to Open,07/14/2023,29,$54.00,$1.20,$1.14,$1.27,9%,07/18/2023,N,$55.51,2.17%,28.3%,-2.72%
LH,Sell to Open,07/21/2023,36,$230.00,$5.00,$4.80,$5.20,26%,07/25/2023,N,$230.56,2.17%,22.62%,-0.24%
DLTR,Sell to Open,07/14/2023,29,$137.00,$3.00,$2.89,$3.10,8%,08/24/2023,N,$138.44,2.16%,28.2%,-1.04%
TOL,Sell to Open,07/14/2023,29,$73.00,$1.60,$1.40,$1.80,5%,08/22/2023,N,$74.05,2.16%,28.17%,-1.42%
LIT,Sell to Open,07/21/2023,36,$66.00,$1.42,$1.35,$1.50,1%,,N,$66.27,2.15%,22.42%,-0.41%
ATI,Sell to Open,07/21/2023,36,$37.50,$0.85,$0.80,$0.90,3%,08/03/2023,N,$39.54,2.15%,22.42%,-5.16%
HPE,Sell to Open,07/21/2023,36,$17.00,$0.38,$0.35,$0.40,6%,08/29/2023,N,$17.45,2.15%,22.41%,-2.58%
WWE,Sell to Open,07/21/2023,36,$100.00,$2.22,$2.00,$2.45,9%,08/09/2023,N,$103.42,2.15%,22.44%,-3.31%
TAN,Sell to Open,07/14/2023,29,$72.00,$1.58,$1.35,$1.80,0%,,N,$73.20,2.15%,28.05%,-1.64%
A,Sell to Open,07/21/2023,36,$120.00,$2.60,$2.50,$2.70,0%,08/22/2023,N,$121.23,2.14%,22.37%,-1.01%
FTNT,Sell to Open,07/14/2023,29,$72.00,$1.58,$1.45,$1.70,9%,08/02/2023,N,$73.59,2.14%,27.9%,-2.16%
FIVE,Sell to Open,07/14/2023,29,$190.00,$4.15,$3.80,$4.50,1%,08/30/2023,N,$194.63,2.13%,27.8%,-2.38%
TRV,Sell to Open,07/21/2023,36,$175.00,$3.75,$3.60,$3.90,11%,07/20/2023,Y,$175.97,2.13%,22.22%,-0.55%
RWM,Sell to Open,07/21/2023,36,$23.00,$0.50,$0.45,$0.55,2%,,N,$22.99,2.13%,22.23%,0.04%
PTF,Sell to Open,07/21/2023,36,$140.00,$3.03,$2.85,$3.20,5%,,N,$142.75,2.12%,22.1%,-1.93%
NTAP,Sell to Open,07/14/2023,29,$73.00,$1.55,$1.45,$1.65,12%,08/23/2023,N,$73.76,2.1%,27.39%,-1.03%
AEP,Sell to Open,07/21/2023,36,$85.00,$1.90,$1.80,$2.00,17%,08/02/2023,N,$84.88,2.1%,21.87%,0.14%
ARKQ,Sell to Open,07/21/2023,36,$55.00,$1.18,$1.10,$1.25,5%,,N,$56.05,2.1%,21.86%,-1.87%
CAT,Sell to Open,07/14/2023,29,$245.00,$5.18,$4.95,$5.40,3%,08/01/2023,N,$247.67,2.09%,27.24%,-1.08%
TSN,Sell to Open,07/14/2023,29,$50.00,$1.05,$1.00,$1.10,17%,08/07/2023,N,$50.21,2.09%,27.26%,-0.42%
CLOU,Sell to Open,07/21/2023,36,$20.00,$0.42,$0.35,$0.50,4%,,N,$20.45,2.08%,21.67%,-2.2%
APD,Sell to Open,07/21/2023,36,$290.00,$6.05,$5.90,$6.20,0%,08/03/2023,N,$290.76,2.08%,21.7%,-0.26%
ZROZ,Sell to Open,07/21/2023,36,$90.00,$1.90,$1.70,$2.10,6%,,N,$91.37,2.08%,21.69%,-1.5%
SSO,Sell to Open,07/14/2023,29,$57.00,$1.20,$1.05,$1.35,3%,,N,$57.72,2.08%,27.1%,-1.25%
APO,Sell to Open,07/14/2023,29,$76.00,$1.60,$1.45,$1.75,2%,08/03/2023,N,$77.39,2.07%,26.95%,-1.8%
EIX,Sell to Open,07/21/2023,36,$67.50,$1.42,$1.15,$1.70,6%,07/27/2023,N,$68.80,2.07%,21.6%,-1.89%
OC,Sell to Open,07/21/2023,36,$120.00,$2.55,$2.45,$2.65,3%,07/26/2023,N,$122.92,2.07%,21.63%,-2.38%
MSCI,Sell to Open,07/21/2023,36,$480.00,$10.10,$9.80,$10.40,2%,07/25/2023,N,$487.55,2.07%,21.6%,-1.55%
AER,Sell to Open,07/21/2023,36,$60.00,$1.27,$1.20,$1.35,1%,08/10/2023,N,$61.61,2.07%,21.58%,-2.61%
SNPS,Sell to Open,07/21/2023,36,$440.00,$9.25,$8.90,$9.60,7%,08/16/2023,N,$446.37,2.07%,21.61%,-1.43%
ZTS,Sell to Open,07/21/2023,36,$170.00,$3.55,$3.40,$3.70,12%,08/03/2023,N,$171.43,2.07%,21.6%,-0.83%
CAKE,Sell to Open,07/21/2023,36,$32.50,$0.70,$0.65,$0.75,3%,08/02/2023,N,$34.00,2.06%,21.47%,-4.41%
PSX,Sell to Open,07/14/2023,29,$95.00,$2.00,$1.85,$2.15,10%,07/28/2023,N,$97.02,2.06%,26.87%,-2.08%
RMD,Sell to Open,07/21/2023,36,$220.00,$5.50,$4.40,$6.60,12%,08/10/2023,N,$218.98,2.05%,21.34%,0.47%
SNA,Sell to Open,07/21/2023,36,$270.00,$5.60,$5.40,$5.80,20%,07/20/2023,Y,$274.27,2.04%,21.29%,-1.56%
LEN,Sell to Open,07/14/2023,29,$118.00,$2.45,$2.25,$2.65,24%,,N,$119.81,2.04%,26.66%,-1.51%
PXD,Sell to Open,07/14/2023,29,$200.00,$4.15,$3.60,$4.70,4%,08/01/2023,N,$203.29,2.04%,26.61%,-1.62%
EDV,Sell to Open,07/21/2023,36,$86.00,$1.78,$1.55,$2.00,12%,,N,$86.86,2.04%,21.31%,-0.99%
EL,Sell to Open,07/21/2023,36,$195.00,$4.05,$3.90,$4.20,9%,08/18/2023,N,$199.41,2.03%,21.18%,-2.21%
IYW,Sell to Open,07/21/2023,36,$110.00,$2.85,$2.60,$3.10,6%,,N,$109.37,2.03%,21.17%,0.58%
AMT,Sell to Open,07/21/2023,36,$190.00,$3.95,$3.80,$4.10,16%,07/27/2023,N,$194.27,2.03%,21.2%,-2.2%
CTAS,Sell to Open,07/21/2023,36,$490.00,$9.95,$9.70,$10.20,9%,07/19/2023,Y,$492.38,2.02%,21.07%,-0.48%
DHI,Sell to Open,07/14/2023,29,$114.00,$2.33,$2.15,$2.50,7%,07/20/2023,N,$115.41,2.01%,26.26%,-1.22%
ABBV,Sell to Open,07/14/2023,29,$135.00,$2.74,$2.64,$2.83,14%,07/28/2023,N,$135.89,2.01%,26.24%,-0.65%
MAS,Sell to Open,07/21/2023,36,$55.00,$1.12,$1.10,$1.15,2%,07/27/2023,N,$56.02,2.01%,20.94%,-1.82%
KEYS,Sell to Open,07/21/2023,36,$165.00,$3.30,$3.20,$3.40,2%,08/17/2023,N,$165.41,2%,20.81%,-0.25%
LUV,Sell to Open,07/14/2023,29,$33.00,$0.68,$0.65,$0.71,6%,07/27/2023,N,$33.97,2%,26.09%,-2.86%
CNC,Sell to Open,07/14/2023,29,$65.00,$1.33,$1.10,$1.55,37%,07/28/2023,N,$66.12,2%,26.12%,-1.69%
AIG,Sell to Open,07/14/2023,29,$56.00,$1.12,$1.00,$1.25,7%,08/08/2023,N,$56.62,1.99%,25.9%,-1.1%
GOOGL,Sell to Open,07/14/2023,29,$123.00,$2.50,$2.33,$2.66,6%,07/25/2023,N,$125.09,1.99%,26%,-1.67%
CTRA,Sell to Open,07/14/2023,29,$24.50,$0.50,$0.45,$0.55,3%,08/02/2023,N,$25.08,1.99%,25.99%,-2.31%
FE,Sell to Open,07/21/2023,36,$39.00,$0.78,$0.75,$0.80,18%,08/01/2023,N,$39.11,1.98%,20.67%,-0.28%
BBY,Sell to Open,07/14/2023,29,$78.00,$1.56,$1.48,$1.64,0%,08/29/2023,N,$78.98,1.98%,25.75%,-1.24%
FDN,Sell to Open,07/21/2023,36,$162.00,$3.25,$3.00,$3.50,3%,,N,$164.55,1.98%,20.6%,-1.55%
AMP,Sell to Open,07/21/2023,36,$320.00,$6.40,$5.90,$6.90,1%,07/26/2023,N,$325.59,1.97%,20.5%,-1.72%
EBAY,Sell to Open,07/14/2023,29,$45.00,$0.90,$0.86,$0.94,4%,08/02/2023,N,$45.62,1.97%,25.72%,-1.36%
F,Sell to Open,07/14/2023,29,$14.00,$0.29,$0.27,$0.30,3%,07/27/2023,N,$14.45,1.97%,25.71%,-3.11%
EWZ,Sell to Open,07/14/2023,29,$32.00,$0.64,$0.61,$0.67,3%,,N,$32.66,1.96%,25.54%,-2.02%
UBS,Sell to Open,07/21/2023,36,$20.00,$0.40,$0.35,$0.45,7%,08/31/2023,N,$20.42,1.96%,20.43%,-2.06%
TTWO,Sell to Open,07/14/2023,29,$136.00,$2.70,$2.59,$2.80,3%,08/07/2023,N,$137.20,1.96%,25.61%,-0.87%
IDXX,Sell to Open,07/21/2023,36,$470.00,$9.45,$7.30,$11.60,5%,08/01/2023,N,$481.42,1.96%,20.47%,-2.37%
AMN,Sell to Open,07/21/2023,36,$105.00,$2.12,$2.00,$2.25,1%,08/03/2023,N,$108.26,1.96%,20.47%,-3.01%
BP,Sell to Open,07/14/2023,29,$35.00,$0.70,$0.66,$0.73,1%,08/01/2023,N,$35.38,1.96%,25.61%,-1.07%
DKS,Sell to Open,07/14/2023,29,$132.00,$2.65,$2.45,$2.85,1%,08/22/2023,N,$135.07,1.96%,25.58%,-2.27%
DD,Sell to Open,07/14/2023,29,$69.00,$1.35,$1.15,$1.55,3%,08/01/2023,N,$69.71,1.94%,25.24%,-1.02%
ULTA,Sell to Open,07/14/2023,29,$445.00,$8.75,$8.40,$9.10,14%,08/24/2023,N,$451.14,1.94%,25.28%,-1.36%
EW,Sell to Open,07/21/2023,36,$90.00,$1.78,$1.70,$1.85,5%,07/27/2023,N,$91.29,1.94%,20.28%,-1.41%
CARR,Sell to Open,07/21/2023,36,$45.00,$0.90,$0.80,$1.00,6%,07/27/2023,N,$46.54,1.93%,20.17%,-3.31%
GPC,Sell to Open,07/21/2023,36,$160.00,$3.12,$2.95,$3.30,13%,07/26/2023,N,$161.65,1.93%,20.16%,-1.02%
ESS,Sell to Open,07/21/2023,36,$230.00,$4.53,$2.15,$6.90,2%,07/25/2023,N,$234.80,1.93%,20.1%,-2.04%
MSFT,Sell to Open,07/14/2023,29,$345.00,$6.70,$6.60,$6.80,10%,07/25/2023,N,$348.10,1.92%,25.09%,-0.89%
MAR,Sell to Open,07/14/2023,29,$175.00,$3.40,$3.30,$3.50,0%,08/01/2023,N,$176.68,1.92%,25.09%,-0.95%
BKNG,Sell to Open,07/14/2023,29,"$2,630.00",$51.25,$46.30,$56.20,5%,08/02/2023,N,"$2,671.70",1.92%,25.01%,-1.56%
TRGP,Sell to Open,07/21/2023,36,$70.00,$1.38,$1.30,$1.45,5%,08/03/2023,N,$71.91,1.91%,19.94%,-2.66%
RS,Sell to Open,07/21/2023,36,$250.00,$4.90,$4.70,$5.10,1%,07/27/2023,N,$255.90,1.91%,19.97%,-2.31%
FAST,Sell to Open,07/21/2023,36,$55.00,$1.08,$1.00,$1.15,16%,07/13/2023,Y,$56.24,1.91%,19.93%,-2.2%
GD,Sell to Open,07/14/2023,29,$215.00,$4.15,$3.20,$5.10,4%,07/26/2023,N,$214.96,1.91%,24.92%,0.02%
IWO,Sell to Open,07/21/2023,36,$240.00,$4.60,$3.30,$5.90,12%,,N,$241.70,1.9%,19.85%,-0.7%
EWW,Sell to Open,07/21/2023,36,$64.00,$1.23,$1.15,$1.30,0%,,N,$64.34,1.9%,19.86%,-0.53%
GEHC,Sell to Open,07/14/2023,29,$78.00,$1.50,$1.40,$1.60,3%,07/25/2023,N,$79.10,1.9%,24.72%,-1.39%
PICK,Sell to Open,07/21/2023,36,$42.00,$0.80,$0.65,$0.95,2%,,N,$42.28,1.89%,19.73%,-0.66%
DPZ,Sell to Open,07/14/2023,29,$320.00,$6.15,$4.50,$7.80,6%,07/20/2023,N,$325.46,1.89%,24.63%,-1.68%
VGT,Sell to Open,07/21/2023,36,$440.00,$8.40,$7.90,$8.90,6%,,N,$443.39,1.89%,19.76%,-0.76%
BNS,Sell to Open,07/21/2023,36,$50.00,$0.95,$0.90,$1.00,0%,08/29/2023,N,$50.46,1.88%,19.63%,-0.91%
MIDD,Sell to Open,07/21/2023,36,$140.00,$2.72,$2.65,$2.80,10%,08/03/2023,N,$144.61,1.88%,19.65%,-3.19%
ANSS,Sell to Open,07/21/2023,36,$330.00,$6.30,$6.10,$6.50,3%,08/02/2023,N,$336.81,1.87%,19.51%,-2.02%
DOV,Sell to Open,07/21/2023,36,$145.00,$2.75,$2.65,$2.85,3%,07/20/2023,Y,$147.08,1.87%,19.5%,-1.41%
ECL,Sell to Open,07/21/2023,36,$180.00,$3.40,$2.80,$4.00,0%,08/01/2023,N,$181.69,1.87%,19.52%,-0.93%
SKT,Sell to Open,07/21/2023,36,$21.00,$0.40,$0.35,$0.45,1%,08/03/2023,N,$21.48,1.86%,19.42%,-2.23%
ITB,Sell to Open,07/14/2023,29,$80.00,$1.50,$1.40,$1.60,4%,,N,$80.81,1.86%,24.2%,-1%
HSBC,Sell to Open,07/14/2023,29,$39.00,$0.72,$0.60,$0.85,1%,08/01/2023,N,$39.05,1.86%,24.2%,-0.13%
CLX,Sell to Open,07/14/2023,29,$155.00,$2.90,$2.50,$3.30,3%,08/03/2023,N,$154.96,1.85%,24.06%,0.03%
TROW,Sell to Open,07/14/2023,29,$113.00,$2.12,$1.75,$2.50,11%,07/27/2023,N,$114.69,1.85%,24.15%,-1.47%
GRMN,Sell to Open,07/21/2023,36,$105.00,$1.95,$1.60,$2.30,4%,08/02/2023,N,$105.42,1.85%,19.29%,-0.4%
MTZ,Sell to Open,07/21/2023,36,$105.00,$2.02,$2.00,$2.05,10%,08/03/2023,N,$109.29,1.85%,19.32%,-3.93%
PEAK,Sell to Open,07/21/2023,36,$21.00,$0.62,$0.55,$0.70,12%,08/01/2023,N,$20.76,1.85%,19.34%,1.16%
SHEL,Sell to Open,07/14/2023,29,$60.00,$1.12,$1.05,$1.20,1%,07/27/2023,N,$60.68,1.85%,24.17%,-1.12%
BOTZ,Sell to Open,07/21/2023,36,$29.00,$0.55,$0.50,$0.60,9%,,N,$29.72,1.85%,19.3%,-2.42%
CACI,Sell to Open,07/21/2023,36,$320.00,$5.95,$4.10,$7.80,14%,08/09/2023,N,$322.91,1.84%,19.22%,-0.9%
BHP,Sell to Open,07/21/2023,36,$62.50,$1.17,$1.15,$1.20,0%,08/21/2023,N,$63.98,1.84%,19.15%,-2.31%
OHI,Sell to Open,07/21/2023,36,$31.00,$0.57,$0.50,$0.65,0%,07/31/2023,N,$31.19,1.84%,19.23%,-0.61%
IWN,Sell to Open,07/21/2023,36,$140.00,$2.60,$0.20,$5.00,26%,,N,$141.62,1.84%,19.15%,-1.14%
ISRG,Sell to Open,07/14/2023,29,$325.00,$6.05,$5.50,$6.60,15%,07/20/2023,N,$328.27,1.84%,24.02%,-1%
JPM,Sell to Open,07/14/2023,29,$141.00,$2.62,$2.53,$2.70,11%,07/14/2023,N,$143.09,1.83%,23.82%,-1.46%
PST,Sell to Open,07/21/2023,36,$22.00,$0.52,$0.45,$0.60,0%,,N,$21.88,1.83%,19.07%,0.57%
LYB,Sell to Open,07/21/2023,36,$90.00,$1.68,$1.60,$1.75,0%,07/28/2023,N,$91.77,1.83%,19.03%,-1.93%
XLY,Sell to Open,07/14/2023,29,$165.00,$3.06,$1.41,$4.70,7%,,N,$166.63,1.83%,23.9%,-0.98%
GE,Sell to Open,07/14/2023,29,$103.00,$1.92,$1.82,$2.02,5%,07/25/2023,N,$105.41,1.82%,23.74%,-2.29%
IQV,Sell to Open,07/21/2023,36,$210.00,$3.95,$3.20,$4.70,4%,07/20/2023,Y,$216.78,1.82%,19%,-3.13%
R,Sell to Open,07/21/2023,36,$80.00,$1.50,$1.40,$1.60,13%,07/26/2023,N,$82.63,1.82%,18.93%,-3.18%
DE,Sell to Open,07/14/2023,29,$400.00,$7.35,$6.95,$7.75,3%,08/18/2023,N,$406.52,1.81%,23.57%,-1.6%
STZ,Sell to Open,07/14/2023,29,$245.00,$4.50,$4.00,$5.00,29%,06/30/2023,Y,$249.19,1.81%,23.54%,-1.68%
TM,Sell to Open,07/21/2023,36,$165.00,$3.05,$3.00,$3.10,30%,08/03/2023,N,$168.18,1.81%,18.91%,-1.89%
FI,Sell to Open,07/14/2023,29,$120.00,$2.17,$2.05,$2.30,100%,07/25/2023,N,$120.35,1.81%,23.56%,-0.29%
FERG,Sell to Open,07/21/2023,36,$150.00,$2.75,$2.65,$2.85,0%,,N,$151.88,1.81%,18.88%,-1.24%
CI,Sell to Open,07/14/2023,29,$265.00,$4.85,$3.70,$6.00,25%,08/03/2023,N,$269.49,1.8%,23.46%,-1.67%
CHKP,Sell to Open,07/21/2023,36,$130.00,$2.35,$2.25,$2.45,4%,07/31/2023,N,$130.45,1.8%,18.79%,-0.34%
VUG,Sell to Open,07/21/2023,36,$280.00,$5.05,$4.60,$5.50,2%,,N,$281.67,1.79%,18.7%,-0.59%
IGV,Sell to Open,07/21/2023,36,$345.00,$6.25,$5.90,$6.60,4%,,N,$349.40,1.79%,18.65%,-1.26%
KKR,Sell to Open,07/14/2023,29,$57.00,$1.05,$0.85,$1.25,3%,08/01/2023,N,$58.61,1.79%,23.35%,-2.75%
VTWO,Sell to Open,07/21/2023,36,$75.00,$1.35,$1.10,$1.60,22%,,N,$75.92,1.78%,18.54%,-1.21%
CPB,Sell to Open,07/14/2023,29,$46.00,$0.82,$0.70,$0.95,17%,08/31/2023,N,$46.44,1.78%,23.16%,-0.95%
ROST,Sell to Open,07/14/2023,29,$107.00,$1.92,$1.80,$2.05,0%,08/17/2023,N,$107.88,1.78%,23.26%,-0.82%
REGN,Sell to Open,07/14/2023,29,$770.00,$13.85,$10.30,$17.40,15%,08/02/2023,N,$783.07,1.77%,23.06%,-1.67%
KRBN,Sell to Open,07/21/2023,36,$40.00,$0.72,$0.50,$0.95,0%,,N,$40.98,1.77%,18.45%,-2.39%
LLY,Sell to Open,07/14/2023,29,$450.00,$8.02,$7.60,$8.45,2%,08/08/2023,N,$453.93,1.77%,23.05%,-0.87%
LIN,Sell to Open,07/21/2023,36,$375.00,$6.65,$6.40,$6.90,0%,07/27/2023,N,$376.44,1.77%,18.42%,-0.38%
SCHG,Sell to Open,07/21/2023,36,$75.00,$1.70,$1.55,$1.85,1%,,N,$74.62,1.77%,18.45%,0.51%
MMM,Sell to Open,07/14/2023,29,$102.00,$1.84,$1.74,$1.94,18%,07/25/2023,N,$103.81,1.77%,23.11%,-1.74%
DFS,Sell to Open,07/14/2023,29,$115.00,$2.08,$1.90,$2.25,4%,07/19/2023,N,$117.26,1.77%,23.07%,-1.93%
FLEX,Sell to Open,07/21/2023,36,$26.00,$0.48,$0.45,$0.50,4%,08/02/2023,N,$26.85,1.77%,18.45%,-3.17%
MGA,Sell to Open,07/21/2023,36,$55.00,$1.00,$0.95,$1.05,0%,08/04/2023,N,$56.76,1.76%,18.37%,-3.1%
HIG,Sell to Open,07/21/2023,36,$70.00,$1.25,$1.20,$1.30,5%,07/27/2023,N,$71.06,1.76%,18.34%,-1.49%
KMI,Sell to Open,07/14/2023,29,$17.00,$0.30,$0.23,$0.37,6%,07/19/2023,N,$17.01,1.76%,22.99%,-0.06%
HII,Sell to Open,07/21/2023,36,$220.00,$5.25,$5.00,$5.50,6%,08/03/2023,N,$218.59,1.76%,18.32%,0.65%
DOW,Sell to Open,07/14/2023,29,$53.00,$0.94,$0.85,$1.03,5%,07/25/2023,N,$53.48,1.76%,22.91%,-0.9%
SKX,Sell to Open,07/21/2023,36,$50.00,$0.92,$0.85,$1.00,17%,07/25/2023,N,$52.57,1.76%,18.35%,-4.89%
CSGP,Sell to Open,07/21/2023,36,$85.00,$2.40,$2.30,$2.50,0%,07/25/2023,N,$84.07,1.75%,18.23%,1.11%
CB,Sell to Open,07/21/2023,36,$190.00,$3.35,$3.20,$3.50,14%,07/25/2023,N,$191.26,1.75%,18.27%,-0.66%
HACK,Sell to Open,07/21/2023,36,$51.00,$0.90,$0.70,$1.10,2%,,N,$51.41,1.75%,18.26%,-0.8%
BTI,Sell to Open,07/21/2023,36,$32.00,$0.57,$0.55,$0.60,13%,07/26/2023,N,$32.87,1.75%,18.24%,-2.65%
MDY,Sell to Open,07/21/2023,36,$470.00,$8.25,$7.50,$9.00,3%,,N,$472.72,1.75%,18.2%,-0.57%
AON,Sell to Open,07/21/2023,36,$330.00,$5.75,$5.50,$6.00,1%,07/28/2023,N,$331.06,1.74%,18.11%,-0.32%
ELV,Sell to Open,07/14/2023,29,$445.00,$7.85,$6.00,$9.70,23%,07/19/2023,N,$451.73,1.74%,22.65%,-1.49%
LSTR,Sell to Open,07/21/2023,36,$185.00,$3.28,$2.95,$3.60,4%,07/26/2023,N,$188.00,1.74%,18.17%,-1.6%
WTW,Sell to Open,07/21/2023,36,$230.00,$4.05,$3.50,$4.60,0%,07/27/2023,N,$232.67,1.74%,18.15%,-1.15%
PM,Sell to Open,07/14/2023,29,$94.00,$1.65,$1.50,$1.80,5%,07/20/2023,N,$94.73,1.74%,22.71%,-0.77%
CMCSA,Sell to Open,07/14/2023,29,$41.00,$0.72,$0.68,$0.75,0%,07/27/2023,N,$41.47,1.72%,22.48%,-1.13%
SBUX,Sell to Open,07/14/2023,29,$101.00,$1.74,$1.69,$1.80,0%,08/01/2023,N,$101.38,1.72%,22.44%,-0.37%
PCAR,Sell to Open,07/21/2023,36,$77.50,$1.35,$1.30,$1.40,23%,07/25/2023,N,$79.08,1.71%,17.8%,-2%
MCO,Sell to Open,07/21/2023,36,$350.00,$7.60,$7.40,$7.80,11%,07/26/2023,N,$348.31,1.7%,17.69%,0.49%
IWP,Sell to Open,07/21/2023,36,$95.00,$1.62,$1.40,$1.85,9%,,N,$95.75,1.7%,17.7%,-0.78%
CMG,Sell to Open,07/14/2023,29,"$2,035.00",$34.70,$30.90,$38.50,2%,07/26/2023,N,"$2,051.66",1.69%,22.05%,-0.81%
ORLY,Sell to Open,07/21/2023,36,$920.00,$15.65,$15.10,$16.20,10%,07/26/2023,N,$927.49,1.69%,17.6%,-0.81%
TMUS,Sell to Open,07/14/2023,29,$131.00,$2.24,$2.13,$2.35,23%,07/26/2023,N,$132.76,1.69%,21.99%,-1.33%
CDW,Sell to Open,07/21/2023,36,$175.00,$2.98,$2.25,$3.70,5%,08/02/2023,N,$178.20,1.67%,17.41%,-1.8%
VMC,Sell to Open,07/21/2023,36,$210.00,$4.55,$4.40,$4.70,3%,08/03/2023,N,$208.94,1.67%,17.42%,0.51%
WST,Sell to Open,07/21/2023,36,$350.00,$6.00,$4.00,$8.00,0%,07/27/2023,N,$359.80,1.67%,17.39%,-2.72%
NSC,Sell to Open,07/14/2023,29,$220.00,$3.70,$2.90,$4.50,9%,07/26/2023,N,$223.30,1.66%,21.6%,-1.48%
ADP,Sell to Open,07/14/2023,29,$220.00,$3.68,$2.95,$4.40,10%,07/26/2023,N,$220.97,1.66%,21.68%,-0.44%
GS,Sell to Open,07/14/2023,29,$335.00,$5.62,$5.30,$5.95,4%,07/19/2023,N,$339.74,1.66%,21.58%,-1.4%
AIZ,Sell to Open,07/21/2023,36,$125.00,$2.12,$2.00,$2.25,30%,08/01/2023,N,$128.75,1.65%,17.21%,-2.91%
DG,Sell to Open,07/14/2023,29,$160.00,$2.70,$2.55,$2.85,23%,08/31/2023,N,$163.68,1.65%,21.5%,-2.25%
NICE,Sell to Open,07/21/2023,36,$220.00,$3.75,$3.60,$3.90,8%,08/10/2023,N,$228.62,1.64%,17.11%,-3.77%
TD,Sell to Open,07/21/2023,36,$60.00,$1.00,$0.95,$1.05,0%,08/24/2023,N,$60.98,1.64%,17.1%,-1.61%
SYK,Sell to Open,07/21/2023,36,$290.00,$4.85,$4.60,$5.10,13%,07/25/2023,N,$295.65,1.64%,17.11%,-1.91%
HD,Sell to Open,07/14/2023,29,$300.00,$4.95,$4.80,$5.10,0%,08/15/2023,N,$302.02,1.64%,21.37%,-0.67%
LULU,Sell to Open,07/14/2023,29,$375.00,$6.22,$5.85,$6.60,2%,08/31/2023,N,$382.63,1.63%,21.21%,-1.99%
CM,Sell to Open,07/21/2023,36,$45.00,$1.82,$1.75,$1.90,0%,08/31/2023,N,$43.89,1.63%,16.99%,2.53%
IT,Sell to Open,07/21/2023,36,$350.00,$5.80,$5.50,$6.10,0%,08/01/2023,N,$356.19,1.63%,16.98%,-1.74%
XLF,Sell to Open,07/14/2023,29,$33.50,$0.55,$0.49,$0.61,2%,,N,$33.65,1.63%,21.31%,-0.45%
GWW,Sell to Open,07/21/2023,36,$730.00,$12.10,$9.80,$14.40,4%,07/27/2023,N,$743.89,1.63%,16.96%,-1.87%
MKL,Sell to Open,07/21/2023,36,"$1,320.00",$21.80,$16.80,$26.80,10%,08/01/2023,N,"$1,338.48",1.63%,16.99%,-1.38%
VB,Sell to Open,07/21/2023,36,$196.00,$3.22,$2.85,$3.60,4%,,N,$198.20,1.63%,16.97%,-1.11%
SLV,Sell to Open,07/14/2023,29,$21.50,$0.36,$0.35,$0.36,1%,,N,$21.94,1.62%,21.09%,-2.01%
QQQJ,Sell to Open,07/21/2023,36,$26.00,$0.42,$0.35,$0.50,6%,,N,$26.25,1.62%,16.88%,-0.95%
BMO,Sell to Open,07/21/2023,36,$90.00,$1.72,$1.65,$1.80,0%,08/29/2023,N,$89.72,1.61%,16.8%,0.31%
TXN,Sell to Open,07/14/2023,29,$175.00,$2.82,$2.67,$2.98,1%,07/25/2023,N,$178.09,1.59%,20.68%,-1.74%
BLK,Sell to Open,07/14/2023,29,$700.00,$11.30,$9.10,$13.50,8%,07/14/2023,N,$711.19,1.59%,20.71%,-1.57%
ED,Sell to Open,07/21/2023,36,$92.50,$1.48,$1.40,$1.55,0%,08/03/2023,N,$93.02,1.59%,16.54%,-0.56%
VBR,Sell to Open,07/21/2023,36,$163.00,$2.60,$2.25,$2.95,5%,,N,$164.75,1.58%,16.46%,-1.06%
TDG,Sell to Open,07/21/2023,36,$810.00,$12.95,$12.40,$13.50,1%,08/08/2023,N,$824.66,1.57%,16.38%,-1.78%
EWY,Sell to Open,07/21/2023,36,$66.00,$1.05,$0.95,$1.15,20%,,N,$67.04,1.57%,16.33%,-1.55%
VRNS,Sell to Open,07/21/2023,36,$25.00,$0.42,$0.35,$0.50,0%,07/31/2023,N,$27.13,1.57%,16.34%,-7.85%
PGR,Sell to Open,07/21/2023,36,$125.00,$2.00,$1.95,$2.05,14%,07/13/2023,Y,$128.36,1.56%,16.25%,-2.62%
EXP,Sell to Open,07/21/2023,36,$165.00,$2.65,$2.40,$2.90,1%,07/27/2023,N,$169.47,1.56%,16.31%,-2.64%
IJR,Sell to Open,07/21/2023,36,$98.00,$1.55,$1.45,$1.65,6%,,N,$99.10,1.56%,16.31%,-1.11%
KIE,Sell to Open,07/21/2023,36,$40.00,$0.62,$0.45,$0.80,4%,,N,$40.23,1.55%,16.2%,-0.57%
BMY,Sell to Open,07/14/2023,29,$64.00,$1.00,$0.93,$1.07,2%,07/27/2023,N,$64.67,1.55%,20.16%,-1.04%
TXT,Sell to Open,07/21/2023,36,$65.00,$1.02,$0.95,$1.10,0%,07/27/2023,N,$66.43,1.54%,16.09%,-2.15%
STE,Sell to Open,07/21/2023,36,$210.00,$3.28,$2.75,$3.80,7%,08/01/2023,N,$213.53,1.53%,15.99%,-1.65%
AXP,Sell to Open,07/14/2023,29,$170.00,$2.66,$2.50,$2.82,3%,07/21/2023,N,$173.81,1.53%,19.95%,-2.19%
EWG,Sell to Open,07/21/2023,36,$29.00,$0.51,$0.46,$0.56,0%,,N,$28.93,1.52%,15.86%,0.24%
ROP,Sell to Open,07/21/2023,36,$460.00,$7.00,$5.20,$8.80,3%,07/21/2023,N,$461.14,1.52%,15.83%,-0.25%
QQQE,Sell to Open,07/21/2023,36,$76.00,$1.18,$0.90,$1.45,7%,,N,$77.41,1.52%,15.83%,-1.82%
MA,Sell to Open,07/14/2023,29,$375.00,$5.72,$5.55,$5.90,4%,07/27/2023,N,$379.04,1.51%,19.69%,-1.07%
CAH,Sell to Open,07/14/2023,29,$88.00,$1.35,$1.15,$1.55,6%,08/10/2023,N,$89.16,1.51%,19.74%,-1.3%
PKG,Sell to Open,07/21/2023,36,$130.00,$2.00,$1.00,$3.00,11%,07/24/2023,N,$132.66,1.51%,15.72%,-2.01%
MRK,Sell to Open,07/14/2023,29,$108.00,$1.66,$1.58,$1.73,18%,08/01/2023,N,$109.40,1.51%,19.72%,-1.28%
SPLB,Sell to Open,07/21/2023,36,$23.00,$0.35,$0.30,$0.40,46%,,N,$23.14,1.51%,15.77%,-0.61%
HOLX,Sell to Open,07/21/2023,36,$80.00,$1.23,$1.15,$1.30,13%,07/26/2023,N,$81.04,1.51%,15.76%,-1.28%
MSI,Sell to Open,07/21/2023,36,$280.00,$4.25,$4.10,$4.40,0%,08/03/2023,N,$282.27,1.51%,15.7%,-0.8%
IYT,Sell to Open,07/21/2023,36,$240.00,$3.65,$3.40,$3.90,1%,,N,$243.56,1.5%,15.63%,-1.46%
QSR,Sell to Open,07/21/2023,36,$75.00,$1.15,$1.10,$1.20,5%,08/03/2023,N,$76.50,1.5%,15.68%,-1.96%
TAP,Sell to Open,07/21/2023,36,$65.00,$1.00,$0.95,$1.05,1%,08/01/2023,N,$66.60,1.5%,15.66%,-2.4%
CG,Sell to Open,07/21/2023,36,$30.00,$0.48,$0.45,$0.50,0%,08/03/2023,N,$31.61,1.5%,15.67%,-5.09%
BOX,Sell to Open,07/21/2023,36,$29.00,$0.45,$0.40,$0.50,1%,08/23/2023,N,$30.04,1.5%,15.62%,-3.46%
LMT,Sell to Open,07/14/2023,29,$455.00,$6.80,$6.30,$7.30,6%,07/18/2023,N,$455.95,1.49%,19.44%,-0.21%
VOYA,Sell to Open,07/21/2023,36,$70.00,$1.08,$1.00,$1.15,2%,08/01/2023,N,$72.30,1.49%,15.51%,-3.18%
ROK,Sell to Open,07/21/2023,36,$310.00,$4.75,$4.50,$5.00,1%,07/27/2023,N,$319.41,1.49%,15.51%,-2.95%
PCG,Sell to Open,07/14/2023,29,$17.50,$0.50,$0.47,$0.54,4%,08/03/2023,N,$17.25,1.48%,19.27%,1.45%
V,Sell to Open,07/14/2023,29,$225.00,$3.35,$3.20,$3.50,2%,07/25/2023,N,$226.17,1.48%,19.31%,-0.52%
SCHA,Sell to Open,07/21/2023,36,$43.00,$0.65,$0.45,$0.85,11%,,N,$43.80,1.48%,15.48%,-1.83%
ITA,Sell to Open,07/21/2023,36,$115.00,$1.70,$1.55,$1.85,0%,,N,$115.74,1.47%,15.32%,-0.64%
XEL,Sell to Open,07/21/2023,36,$65.00,$1.62,$1.55,$1.70,15%,07/27/2023,N,$64.32,1.47%,15.32%,1.06%
XLB,Sell to Open,07/14/2023,29,$81.00,$1.20,$0.20,$2.20,26%,,N,$81.55,1.47%,19.18%,-0.67%
WAB,Sell to Open,07/21/2023,36,$100.00,$1.50,$1.40,$1.60,6%,08/04/2023,N,$102.24,1.47%,15.3%,-2.19%
VTI,Sell to Open,07/21/2023,36,$220.00,$3.22,$2.95,$3.50,1%,,N,$220.09,1.47%,15.28%,-0.04%
OTIS,Sell to Open,07/21/2023,36,$87.50,$1.30,$1.25,$1.35,0%,07/26/2023,N,$88.54,1.47%,15.31%,-1.17%
IGLB,Sell to Open,07/21/2023,36,$51.00,$0.75,$0.65,$0.85,15%,,N,$51.30,1.46%,15.25%,-0.58%
IWM,Sell to Open,07/14/2023,29,$185.00,$2.74,$2.72,$2.76,4%,,N,$187.44,1.46%,19.06%,-1.3%
HRL,Sell to Open,07/14/2023,29,$41.00,$0.60,$0.50,$0.70,8%,08/31/2023,N,$41.30,1.45%,18.94%,-0.73%
DBX,Sell to Open,07/14/2023,29,$25.00,$0.38,$0.30,$0.45,5%,08/03/2023,N,$25.83,1.45%,18.93%,-3.21%
AZO,Sell to Open,07/21/2023,36,"$2,450.00",$36.25,$35.40,$37.10,0%,09/18/2023,N,"$2,497.37",1.45%,15.14%,-1.9%
YCS,Sell to Open,07/21/2023,36,$63.00,$0.92,$0.85,$1.00,7%,,N,$63.90,1.45%,15.1%,-1.41%
RSG,Sell to Open,07/21/2023,36,$145.00,$2.55,$2.40,$2.70,6%,08/03/2023,N,$144.55,1.45%,15.15%,0.31%
PSA,Sell to Open,07/21/2023,36,$280.00,$4.15,$4.00,$4.30,7%,08/03/2023,N,$287.64,1.44%,15.05%,-2.66%
HSY,Sell to Open,07/14/2023,29,$260.00,$3.75,$2.90,$4.60,19%,07/27/2023,N,$260.86,1.44%,18.74%,-0.33%
VRTX,Sell to Open,07/14/2023,29,$345.00,$5.00,$3.00,$7.00,15%,08/03/2023,N,$349.08,1.43%,18.67%,-1.17%
CVX,Sell to Open,07/14/2023,29,$155.00,$2.26,$2.18,$2.34,2%,07/28/2023,N,$158.28,1.43%,18.61%,-2.07%
SCHD,Sell to Open,07/21/2023,36,$73.00,$1.05,$0.90,$1.20,2%,,N,$73.36,1.43%,14.93%,-0.49%
NVO,Sell to Open,07/14/2023,29,$160.00,$2.33,$1.35,$3.30,19%,08/10/2023,N,$162.53,1.43%,18.65%,-1.56%
SONY,Sell to Open,07/14/2023,29,$98.00,$1.42,$1.15,$1.70,3%,08/09/2023,N,$99.67,1.43%,18.64%,-1.68%
SNE,Sell to Open,07/14/2023,29,$98.00,$1.42,$1.15,$1.70,32%,,N,$99.67,1.43%,18.64%,-1.68%
LHX,Sell to Open,07/21/2023,36,$190.00,$2.78,$2.65,$2.90,0%,07/27/2023,N,$193.38,1.43%,14.96%,-1.75%
ROBO,Sell to Open,07/21/2023,36,$59.00,$0.85,$0.60,$1.10,7%,,N,$59.37,1.43%,14.93%,-0.62%
ASHR,Sell to Open,07/14/2023,29,$27.50,$0.40,$0.35,$0.44,4%,,N,$27.89,1.42%,18.46%,-1.4%
CMI,Sell to Open,07/21/2023,36,$230.00,$3.35,$3.10,$3.60,7%,08/01/2023,N,$237.19,1.41%,14.73%,-3.03%
FOXA,Sell to Open,07/14/2023,29,$33.00,$0.48,$0.40,$0.55,0%,08/09/2023,N,$33.67,1.41%,18.39%,-1.99%
PTC,Sell to Open,07/21/2023,36,$140.00,$2.03,$1.85,$2.20,7%,07/26/2023,N,$143.59,1.41%,14.71%,-2.5%
MLM,Sell to Open,07/21/2023,36,$420.00,$6.05,$5.80,$6.30,5%,07/27/2023,N,$429.45,1.41%,14.69%,-2.2%
AME,Sell to Open,07/21/2023,36,$155.00,$2.20,$2.10,$2.30,0%,08/01/2023,N,$156.70,1.4%,14.64%,-1.08%
CVS,Sell to Open,07/14/2023,29,$68.00,$0.98,$0.89,$1.06,32%,08/02/2023,N,$69.50,1.4%,18.29%,-2.16%
TJX,Sell to Open,07/14/2023,29,$81.00,$1.13,$1.05,$1.21,1%,08/16/2023,N,$81.48,1.39%,18.08%,-0.59%
SPLG,Sell to Open,07/21/2023,36,$52.00,$0.73,$0.65,$0.80,0%,,N,$52.03,1.39%,14.53%,-0.06%
IYM,Sell to Open,07/21/2023,36,$130.00,$1.80,$1.55,$2.05,1%,,N,$131.08,1.37%,14.32%,-0.82%
IJH,Sell to Open,07/21/2023,36,$255.00,$3.55,$3.40,$3.70,5%,,N,$258.19,1.37%,14.34%,-1.24%
AVB,Sell to Open,07/21/2023,36,$185.00,$2.60,$2.45,$2.75,0%,08/02/2023,N,$190.53,1.36%,14.23%,-2.9%
MDLZ,Sell to Open,07/14/2023,29,$73.00,$1.00,$0.90,$1.10,4%,07/25/2023,N,$73.46,1.36%,17.75%,-0.63%
IYR,Sell to Open,07/14/2023,29,$85.00,$1.17,$1.10,$1.24,0%,,N,$85.84,1.36%,17.77%,-0.98%
GSK,Sell to Open,07/14/2023,29,$35.00,$0.48,$0.40,$0.55,6%,07/26/2023,N,$35.27,1.35%,17.56%,-0.77%
WEC,Sell to Open,07/21/2023,36,$90.00,$1.23,$1.00,$1.45,19%,08/01/2023,N,$91.58,1.34%,13.95%,-1.73%
AG,Sell to Open,07/14/2023,29,$5.00,$0.08,$0.06,$0.09,0%,08/03/2023,N,$5.59,1.34%,17.49%,-10.55%
SPGI,Sell to Open,07/14/2023,29,$395.00,$5.30,$4.50,$6.10,5%,08/01/2023,N,$399.98,1.33%,17.27%,-1.25%
CBRE,Sell to Open,07/21/2023,36,$75.00,$1.05,$0.95,$1.15,9%,08/03/2023,N,$78.67,1.33%,13.92%,-4.67%
EWJ,Sell to Open,07/21/2023,36,$63.00,$0.85,$0.80,$0.90,20%,,N,$63.71,1.33%,13.91%,-1.11%
SRE,Sell to Open,07/21/2023,36,$145.00,$1.98,$1.90,$2.05,0%,08/03/2023,N,$148.59,1.33%,13.86%,-2.42%
K,Sell to Open,07/21/2023,36,$65.00,$0.88,$0.80,$0.95,16%,08/03/2023,N,$65.94,1.33%,13.84%,-1.43%
EA,Sell to Open,07/14/2023,29,$128.00,$1.70,$1.55,$1.85,1%,08/01/2023,N,$128.99,1.32%,17.18%,-0.77%
KHC,Sell to Open,07/14/2023,29,$37.00,$0.62,$0.58,$0.65,1%,08/02/2023,N,$36.87,1.32%,17.15%,0.35%
RSP,Sell to Open,07/21/2023,36,$148.00,$1.95,$1.85,$2.05,0%,,N,$148.95,1.31%,13.65%,-0.64%
IWF,Sell to Open,07/21/2023,36,$270.00,$3.60,$3.40,$3.80,4%,,N,$273.93,1.31%,13.71%,-1.43%
WMB,Sell to Open,07/14/2023,29,$30.00,$0.40,$0.35,$0.45,6%,07/31/2023,N,$30.57,1.31%,17.06%,-1.86%
PPH,Sell to Open,07/21/2023,36,$78.00,$1.02,$0.95,$1.10,5%,,N,$78.47,1.31%,13.62%,-0.6%
CIBR,Sell to Open,07/21/2023,36,$45.00,$0.60,$0.50,$0.70,1%,,N,$45.99,1.3%,13.61%,-2.15%
IHI,Sell to Open,07/21/2023,36,$55.00,$0.72,$0.60,$0.85,8%,,N,$55.70,1.3%,13.57%,-1.26%
CME,Sell to Open,07/14/2023,29,$180.00,$2.35,$2.05,$2.65,7%,07/26/2023,N,$182.22,1.29%,16.81%,-1.22%
BJ,Sell to Open,07/21/2023,36,$60.00,$0.80,$0.75,$0.85,0%,08/24/2023,N,$62.13,1.29%,13.43%,-3.43%
AJG,Sell to Open,07/21/2023,36,$210.00,$2.75,$2.60,$2.90,0%,07/27/2023,N,$213.63,1.29%,13.42%,-1.7%
IVW,Sell to Open,07/21/2023,36,$69.00,$0.90,$0.80,$1.00,5%,,N,$69.95,1.29%,13.42%,-1.36%
IJS,Sell to Open,07/21/2023,36,$93.00,$1.23,$1.00,$1.45,7%,,N,$94.62,1.29%,13.5%,-1.71%
VO,Sell to Open,07/21/2023,36,$215.00,$2.80,$2.65,$2.95,1%,,N,$218.23,1.28%,13.38%,-1.48%
ABT,Sell to Open,07/14/2023,29,$104.00,$1.34,$1.18,$1.51,0%,07/19/2023,N,$105.02,1.28%,16.69%,-0.97%
SDY,Sell to Open,07/21/2023,36,$123.00,$1.62,$1.15,$2.10,1%,,N,$122.95,1.28%,13.33%,0.04%
DUK,Sell to Open,07/21/2023,36,$90.00,$1.18,$1.10,$1.25,13%,08/03/2023,N,$91.69,1.28%,13.36%,-1.84%
TEL,Sell to Open,07/21/2023,36,$130.00,$1.70,$1.55,$1.85,17%,07/26/2023,N,$133.43,1.27%,13.29%,-2.57%
ITT,Sell to Open,07/21/2023,36,$85.00,$1.12,$1.00,$1.25,9%,08/03/2023,N,$88.80,1.27%,13.21%,-4.28%
CSX,Sell to Open,07/14/2023,29,$33.00,$0.42,$0.35,$0.50,5%,07/19/2023,N,$33.56,1.27%,16.51%,-1.67%
PEP,Sell to Open,07/14/2023,29,$185.00,$2.35,$2.22,$2.48,16%,07/13/2023,Y,$185.71,1.27%,16.5%,-0.38%
MGK,Sell to Open,07/21/2023,36,$230.00,$2.95,$2.60,$3.30,8%,,N,$234.49,1.26%,13.12%,-1.91%
RACE,Sell to Open,07/14/2023,29,$300.00,$3.82,$2.95,$4.70,2%,08/02/2023,N,$306.11,1.25%,16.29%,-2%
AWK,Sell to Open,07/21/2023,36,$145.00,$1.85,$1.80,$1.90,0%,07/26/2023,N,$148.09,1.25%,13.03%,-2.09%
AFL,Sell to Open,07/14/2023,29,$69.00,$0.88,$0.65,$1.10,3%,08/01/2023,N,$69.76,1.25%,16.35%,-1.09%
QUAL,Sell to Open,07/21/2023,36,$133.00,$1.67,$1.20,$2.15,12%,,N,$133.82,1.25%,13.05%,-0.61%
KR,Sell to Open,07/14/2023,29,$45.00,$0.57,$0.50,$0.64,35%,06/15/2023,Y,$45.94,1.24%,16.17%,-2.05%
NDAQ,Sell to Open,07/21/2023,36,$50.00,$0.65,$0.60,$0.70,29%,07/19/2023,Y,$52.27,1.24%,12.97%,-4.34%
ITOT,Sell to Open,07/21/2023,36,$97.00,$1.20,$1.10,$1.30,1%,,N,$97.33,1.23%,12.86%,-0.34%
EWP,Sell to Open,07/21/2023,36,$28.00,$0.35,$0.25,$0.45,2%,,N,$28.35,1.23%,12.87%,-1.23%
SPYG,Sell to Open,07/21/2023,36,$60.00,$0.75,$0.70,$0.80,2%,,N,$60.75,1.23%,12.87%,-1.23%
AMLP,Sell to Open,07/21/2023,36,$38.00,$0.48,$0.45,$0.50,5%,,N,$38.89,1.22%,12.74%,-2.29%
FTV,Sell to Open,07/21/2023,36,$70.00,$0.88,$0.80,$0.95,3%,07/27/2023,N,$71.97,1.22%,12.68%,-2.74%
ET,Sell to Open,07/14/2023,29,$13.00,$0.32,$0.29,$0.34,7%,08/02/2023,N,$12.84,1.21%,15.74%,1.25%
XYL,Sell to Open,07/21/2023,36,$110.00,$1.38,$1.30,$1.45,2%,08/01/2023,N,$113.34,1.21%,12.65%,-2.95%
ABC,Sell to Open,07/14/2023,29,$180.00,$2.20,$1.85,$2.55,9%,08/02/2023,N,$181.89,1.21%,15.77%,-1.04%
EWU,Sell to Open,07/14/2023,29,$33.00,$0.45,$0.35,$0.55,4%,,N,$32.95,1.21%,15.82%,0.15%
BSX,Sell to Open,07/21/2023,36,$52.50,$0.65,$0.60,$0.70,3%,07/26/2023,N,$53.98,1.2%,12.56%,-2.74%
SPTM,Sell to Open,07/21/2023,36,$54.00,$0.65,$0.55,$0.75,2%,,N,$54.33,1.2%,12.48%,-0.61%
MSGS,Sell to Open,07/21/2023,36,$175.00,$2.12,$2.00,$2.25,0%,08/17/2023,N,$178.92,1.19%,12.39%,-2.19%
VGLT,Sell to Open,07/21/2023,36,$63.00,$0.75,$0.65,$0.85,9%,,N,$63.61,1.18%,12.3%,-0.96%
DHR,Sell to Open,07/14/2023,29,$240.00,$2.85,$1.50,$4.20,8%,07/20/2023,N,$243.51,1.17%,15.26%,-1.44%
SO,Sell to Open,07/14/2023,29,$70.00,$0.82,$0.70,$0.95,3%,07/27/2023,N,$70.76,1.17%,15.2%,-1.07%
VT,Sell to Open,07/21/2023,36,$97.00,$1.15,$0.85,$1.45,0%,,N,$98.06,1.17%,12.23%,-1.08%
EUO,Sell to Open,07/21/2023,36,$29.00,$0.50,$0.45,$0.55,0%,,N,$28.83,1.16%,12.1%,0.57%
PFE,Sell to Open,07/14/2023,29,$39.00,$0.46,$0.43,$0.49,7%,07/25/2023,N,$39.75,1.16%,15.09%,-1.89%
CPRT,Sell to Open,07/21/2023,36,$85.00,$1.00,$0.95,$1.05,6%,09/06/2023,N,$87.11,1.15%,11.97%,-2.42%
TLT,Sell to Open,07/14/2023,29,$102.00,$1.18,$1.15,$1.22,11%,,N,$103.00,1.15%,15%,-0.97%
MNST,Sell to Open,07/21/2023,36,$57.50,$0.68,$0.65,$0.70,1%,08/03/2023,N,$58.80,1.15%,11.97%,-2.21%
VRSK,Sell to Open,07/21/2023,36,$220.00,$2.58,$2.15,$3.00,0%,08/02/2023,N,$224.57,1.15%,11.96%,-2.04%
SPY,Sell to Open,07/14/2023,29,$440.00,$5.08,$5.05,$5.11,3%,,N,$440.96,1.15%,15.02%,-0.22%
EZU,Sell to Open,07/21/2023,36,$45.00,$0.52,$0.45,$0.60,0%,,N,$45.77,1.15%,11.96%,-1.68%
IBM,Sell to Open,07/14/2023,29,$137.00,$1.58,$1.50,$1.66,6%,07/19/2023,N,$138.40,1.14%,14.88%,-1.01%
AMGN,Sell to Open,07/14/2023,29,$225.00,$2.61,$2.24,$2.98,12%,08/03/2023,N,$228.44,1.14%,14.89%,-1.51%
IWR,Sell to Open,07/21/2023,36,$71.00,$0.82,$0.70,$0.95,5%,,N,$72.22,1.14%,11.91%,-1.69%
IVE,Sell to Open,07/21/2023,36,$160.00,$1.80,$1.50,$2.10,4%,,N,$160.66,1.12%,11.68%,-0.41%
QQQM,Sell to Open,07/21/2023,36,$151.00,$1.70,$0.45,$2.95,5%,,N,$152.29,1.12%,11.64%,-0.85%
WM,Sell to Open,07/14/2023,29,$165.00,$2.62,$2.45,$2.80,7%,07/26/2023,N,$164.20,1.11%,14.49%,0.49%
CNI,Sell to Open,07/21/2023,36,$115.00,$1.30,$1.25,$1.35,5%,07/25/2023,N,$117.96,1.1%,11.49%,-2.51%
ACWI,Sell to Open,07/21/2023,36,$96.00,$1.05,$1.00,$1.10,2%,,N,$96.36,1.09%,11.36%,-0.37%
USFD,Sell to Open,07/21/2023,36,$40.00,$0.45,$0.40,$0.50,1%,08/10/2023,N,$41.69,1.08%,11.26%,-4.05%
DBC,Sell to Open,07/21/2023,36,$23.00,$0.25,$0.05,$0.45,3%,,N,$23.18,1.08%,11.25%,-0.78%
VYM,Sell to Open,07/21/2023,36,$106.00,$1.15,$1.05,$1.25,4%,,N,$107.05,1.07%,11.2%,-0.98%
HON,Sell to Open,07/14/2023,29,$200.00,$2.15,$2.00,$2.30,1%,07/27/2023,N,$203.73,1.06%,13.76%,-1.83%
O,Sell to Open,07/21/2023,36,$60.00,$0.65,$0.60,$0.70,1%,08/03/2023,N,$61.23,1.06%,11.07%,-2.01%
VTV,Sell to Open,07/21/2023,36,$141.00,$1.50,$1.30,$1.70,1%,,N,$142.42,1.05%,10.98%,-1%
JEPI,Sell to Open,07/21/2023,36,$55.00,$0.77,$0.70,$0.85,0%,,N,$54.80,1.05%,10.94%,0.36%
ICE,Sell to Open,07/21/2023,36,$110.00,$1.18,$1.05,$1.30,0%,08/03/2023,N,$112.38,1.05%,10.9%,-2.12%
SJM,Sell to Open,07/21/2023,36,$150.00,$1.60,$1.55,$1.65,12%,08/29/2023,N,$152.88,1.05%,10.91%,-1.88%
IOO,Sell to Open,07/21/2023,36,$76.00,$0.80,$0.65,$0.95,3%,,N,$76.19,1.05%,10.95%,-0.25%
IWD,Sell to Open,07/21/2023,36,$156.00,$1.62,$1.40,$1.85,2%,,N,$156.90,1.04%,10.8%,-0.57%
MPLX,Sell to Open,07/21/2023,36,$34.00,$0.45,$0.40,$0.50,5%,08/01/2023,N,$33.90,1.03%,10.77%,0.29%
EFA,Sell to Open,07/14/2023,29,$73.00,$0.76,$0.65,$0.87,39%,,N,$73.55,1.03%,13.47%,-0.75%
KMB,Sell to Open,07/14/2023,29,$135.00,$1.40,$1.15,$1.65,3%,07/25/2023,N,$136.32,1.03%,13.39%,-0.97%
IEFA,Sell to Open,07/21/2023,36,$68.00,$0.70,$0.65,$0.75,3%,,N,$68.61,1.02%,10.64%,-0.89%
EEM,Sell to Open,07/14/2023,29,$40.50,$0.41,$0.35,$0.47,3%,,N,$41.02,1%,13.03%,-1.27%
IVV,Sell to Open,07/14/2023,29,$441.00,$4.40,$4.00,$4.80,2%,,N,$443.21,0.99%,12.94%,-0.5%
NOBL,Sell to Open,07/21/2023,36,$93.00,$0.92,$0.60,$1.25,0%,,N,$93.90,0.99%,10.27%,-0.96%
DVY,Sell to Open,07/21/2023,36,$113.00,$1.12,$1.00,$1.25,1%,,N,$114.35,0.98%,10.26%,-1.18%
PG,Sell to Open,07/14/2023,29,$147.00,$1.44,$1.36,$1.52,2%,07/28/2023,N,$148.45,0.97%,12.64%,-0.98%
KO,Sell to Open,07/14/2023,29,$61.00,$0.57,$0.53,$0.61,0%,07/26/2023,N,$61.23,0.93%,12.14%,-0.38%
DEO,Sell to Open,07/21/2023,36,$170.00,$1.60,$1.50,$1.70,12%,08/01/2023,N,$173.90,0.92%,9.6%,-2.24%
JNK,Sell to Open,07/21/2023,36,$92.00,$0.85,$0.75,$0.95,2%,,N,$92.16,0.92%,9.62%,-0.17%
BDX,Sell to Open,07/21/2023,36,$250.00,$2.35,$2.20,$2.50,8%,08/03/2023,N,$256.16,0.92%,9.57%,-2.4%
TME,Sell to Open,07/21/2023,36,$7.00,$0.08,$0.05,$0.10,9%,08/14/2023,N,$8.33,0.9%,9.39%,-15.97%
GLD,Sell to Open,07/14/2023,29,$180.50,$1.62,$1.58,$1.65,0%,,N,$181.91,0.89%,11.57%,-0.78%
SGOL,Sell to Open,07/21/2023,36,$19.00,$0.42,$0.35,$0.50,3%,,N,$18.74,0.88%,9.18%,1.39%
CL,Sell to Open,07/21/2023,36,$75.00,$0.68,$0.65,$0.70,4%,07/28/2023,N,$76.80,0.88%,9.17%,-2.34%
DGRO,Sell to Open,07/21/2023,36,$51.00,$0.45,$0.30,$0.60,2%,,N,$51.45,0.87%,9.12%,-0.87%
MCD,Sell to Open,07/14/2023,29,$290.00,$2.46,$2.28,$2.65,0%,07/25/2023,N,$292.61,0.84%,10.98%,-0.89%
ABR,Sell to Open,07/21/2023,36,$15.00,$0.92,$0.85,$1.00,11%,07/28/2023,N,$14.19,0.81%,8.45%,5.71%
SYY,Sell to Open,07/21/2023,36,$70.00,$0.55,$0.50,$0.60,10%,08/08/2023,N,$73.40,0.75%,7.81%,-4.63%
FXE,Sell to Open,07/21/2023,36,$101.00,$0.75,$0.60,$0.90,0%,,N,$101.07,0.74%,7.74%,-0.07%
FXY,Sell to Open,07/21/2023,36,$66.00,$0.48,$0.40,$0.55,0%,,N,$66.35,0.72%,7.47%,-0.53%
YUM,Sell to Open,07/21/2023,36,$135.00,$1.00,$0.90,$1.10,0%,08/02/2023,N,$139.20,0.72%,7.49%,-3.02%
FXC,Sell to Open,07/21/2023,36,$74.00,$0.52,$0.45,$0.60,2%,,N,$74.02,0.71%,7.4%,-0.03%
TIP,Sell to Open,07/21/2023,36,$108.00,$0.76,$0.66,$0.85,3%,,N,$108.05,0.7%,7.29%,-0.05%
IEF,Sell to Open,07/14/2023,29,$97.00,$0.67,$0.62,$0.72,0%,,N,$97.29,0.69%,8.98%,-0.3%
FXF,Sell to Open,07/21/2023,36,$100.00,$0.75,$0.70,$0.80,0%,,N,$99.90,0.65%,6.81%,0.1%
SONO,Sell to Open,07/21/2023,36,$10.00,$0.10,$0.05,$0.15,3%,08/09/2023,N,$16.14,0.62%,6.46%,-38.04%
BND,Sell to Open,07/21/2023,36,$73.00,$0.55,$0.45,$0.65,0%,,N,$72.89,0.6%,6.3%,0.15%
LQD,Sell to Open,07/14/2023,29,$107.00,$0.61,$0.55,$0.67,0%,,N,$107.88,0.57%,7.37%,-0.82%
AGG,Sell to Open,07/21/2023,36,$98.00,$0.48,$0.40,$0.55,3%,,N,$98.45,0.48%,5.03%,-0.46%
JNJ,Sell to Open,07/14/2023,29,$160.00,$0.76,$0.71,$0.82,0%,07/20/2023,N,$163.73,0.47%,6.09%,-2.28%
IUSB,Sell to Open,07/21/2023,36,$46.00,$0.62,$0.55,$0.70,2%,,N,$45.59,0.47%,4.92%,0.9%
VTIP,Sell to Open,07/21/2023,36,$48.00,$0.65,$0.50,$0.80,24%,,N,$47.57,0.46%,4.82%,0.9%
HST,Sell to Open,06/16/2023,1,$16.00,$0.08,$0.05,$0.10,4%,08/02/2023,N,$17.11,0.44%,1599.94%,-6.49%
MBB,Sell to Open,07/21/2023,36,$93.00,$0.40,$0.35,$0.45,0%,,N,$93.86,0.43%,4.44%,-0.92%
SCHP,Sell to Open,07/21/2023,36,$53.00,$0.60,$0.55,$0.65,0%,,N,$52.62,0.42%,4.36%,0.72%
IGIB,Sell to Open,07/21/2023,36,$51.00,$0.60,$0.55,$0.65,7%,,N,$50.59,0.38%,3.92%,0.81%
SH,Sell to Open,07/21/2023,36,$12.00,$0.05,$0.00,$0.10,1%,,N,$14.08,0.36%,3.7%,-14.77%
HCC,Sell to Open,06/16/2023,1,$30.00,$0.12,$0.20,$0.05,2%,08/02/2023,N,$36.10,0.35%,1263.85%,-16.9%
GOVT,Sell to Open,07/21/2023,36,$22.00,$0.08,$0.05,$0.10,3%,,N,$23.02,0.33%,3.4%,-4.43%
VOD,Sell to Open,07/14/2023,29,$8.50,$0.03,$0.01,$0.05,8%,11/14/2023,N,$9.48,0.32%,4.13%,-10.34%
EPD,Sell to Open,07/14/2023,29,$25.00,$0.08,$0.05,$0.10,3%,08/03/2023,N,$26.32,0.28%,3.71%,-5.02%
EQNR,Sell to Open,07/21/2023,36,$20.50,$0.08,$0.05,$0.10,1%,07/26/2023,N,$30.75,0.24%,2.54%,-33.33%
CEQP,Sell to Open,07/21/2023,36,$22.50,$0.05,$0.05,$0.05,8%,08/01/2023,N,$27.62,0.18%,1.89%,-18.54%
UUP,Sell to Open,07/14/2023,29,$27.50,$0.04,$0.01,$0.07,20%,,N,$28.10,0.14%,1.86%,-2.14%
UDN,Sell to Open,07/21/2023,36,$18.00,$0.02,$0.00,$0.05,6%,,N,$18.94,0.13%,1.38%,-4.96%
VLO,Sell to Open,06/16/2023,1,$110.00,$0.09,$0.08,$0.10,4%,07/27/2023,N,$114.03,0.08%,288.08%,-3.53%
STPZ,Sell to Open,07/21/2023,36,$51.00,$0.55,$0.40,$0.70,23%,,N,$50.49,0.08%,0.83%,1.01%
BR,Sell to Open,07/21/2023,36,$155.00,$0.00,$0.00,$0.00,0%,08/10/2023,N,$159.70,0%,0%,-2.94%
NEE,Sell to Open,07/21/2023,36,$74.00,$0.00,$0.00,$0.00,5%,07/20/2023,Y,$74.36,0%,0%,-0.48%
AKAM,Sell to Open,07/21/2023,36,$92.50,$0.00,$0.00,$0.00,0%,08/09/2023,N,$92.07,0%,0%,0.47%
ETN,Sell to Open,07/21/2023,36,$195.00,$0.00,$0.00,$0.00,11%,08/01/2023,N,$196.89,0%,0%,-0.96%
